sample_id,layer,entropy,n_img
chartqa_train_0001,0,0.8958779573440552,1620
chartqa_train_0001,1,0.8953921794891357,1620
chartqa_train_0001,2,0.9348363876342773,1620
chartqa_train_0001,3,0.9049739241600037,1620
chartqa_train_0001,4,0.8427712917327881,1620
chartqa_train_0001,5,0.8860654830932617,1620
chartqa_train_0001,6,0.9248842597007751,1620
chartqa_train_0001,7,0.8923165798187256,1620
chartqa_train_0001,8,0.8298555016517639,1620
chartqa_train_0001,9,0.8847793340682983,1620
chartqa_train_0001,10,0.9256131649017334,1620
chartqa_train_0001,11,0.8863850831985474,1620
chartqa_train_0001,12,0.9120699167251587,1620
chartqa_train_0001,13,0.8614125847816467,1620
chartqa_train_0001,14,0.8454878330230713,1620
chartqa_train_0001,15,0.8941608667373657,1620
chartqa_train_0001,16,0.8503339886665344,1620
chartqa_train_0001,17,0.8811646103858948,1620
chartqa_train_0001,18,0.8315831422805786,1620
chartqa_train_0001,19,0.8419460654258728,1620
chartqa_train_0001,20,0.8833224177360535,1620
chartqa_train_0001,21,0.8353832364082336,1620
chartqa_train_0001,22,0.8400060534477234,1620
chartqa_train_0001,23,0.8334347009658813,1620
chartqa_train_0001,24,0.901370108127594,1620
chartqa_train_0001,25,0.8876224160194397,1620
chartqa_train_0001,26,0.8537486791610718,1620
chartqa_train_0001,27,0.8670864701271057,1620
chartqa_train_0002,0,0.9049128293991089,1429
chartqa_train_0002,1,0.9116021394729614,1429
chartqa_train_0002,2,0.940841555595398,1429
chartqa_train_0002,3,0.937620222568512,1429
chartqa_train_0002,4,0.8480454087257385,1429
chartqa_train_0002,5,0.9107629656791687,1429
chartqa_train_0002,6,0.9056241512298584,1429
chartqa_train_0002,7,0.910536527633667,1429
chartqa_train_0002,8,0.8186804056167603,1429
chartqa_train_0002,9,0.8852099180221558,1429
chartqa_train_0002,10,0.9295495748519897,1429
chartqa_train_0002,11,0.8834819793701172,1429
chartqa_train_0002,12,0.892002284526825,1429
chartqa_train_0002,13,0.9151030778884888,1429
chartqa_train_0002,14,0.8068544864654541,1429
chartqa_train_0002,15,0.8163772225379944,1429
chartqa_train_0002,16,0.8194756507873535,1429
chartqa_train_0002,17,0.8542139530181885,1429
chartqa_train_0002,18,0.855381965637207,1429
chartqa_train_0002,19,0.8216308355331421,1429
chartqa_train_0002,20,0.8587189316749573,1429
chartqa_train_0002,21,0.8131116628646851,1429
chartqa_train_0002,22,0.6972002387046814,1429
chartqa_train_0002,23,0.7896630764007568,1429
chartqa_train_0002,24,0.8607572317123413,1429
chartqa_train_0002,25,0.8727395534515381,1429
chartqa_train_0002,26,0.8945095539093018,1429
chartqa_train_0002,27,,1429
chartqa_train_0003,0,0.9057821035385132,1429
chartqa_train_0003,1,0.9148730635643005,1429
chartqa_train_0003,2,0.9381552934646606,1429
chartqa_train_0003,3,0.930650532245636,1429
chartqa_train_0003,4,0.8883056044578552,1429
chartqa_train_0003,5,0.9047931432723999,1429
chartqa_train_0003,6,0.9246959090232849,1429
chartqa_train_0003,7,0.9126427173614502,1429
chartqa_train_0003,8,0.8929288983345032,1429
chartqa_train_0003,9,0.850279688835144,1429
chartqa_train_0003,10,0.9232096672058105,1429
chartqa_train_0003,11,0.8545678853988647,1429
chartqa_train_0003,12,0.8890907168388367,1429
chartqa_train_0003,13,0.9081135392189026,1429
chartqa_train_0003,14,0.8021970391273499,1429
chartqa_train_0003,15,0.8749895691871643,1429
chartqa_train_0003,16,0.7488589286804199,1429
chartqa_train_0003,17,0.8189285397529602,1429
chartqa_train_0003,18,0.814960241317749,1429
chartqa_train_0003,19,0.7320850491523743,1429
chartqa_train_0003,20,0.7700151801109314,1429
chartqa_train_0003,21,0.7593643665313721,1429
chartqa_train_0003,22,0.7163625955581665,1429
chartqa_train_0003,23,0.7920178771018982,1429
chartqa_train_0003,24,0.9155048131942749,1429
chartqa_train_0003,25,0.8477656245231628,1429
chartqa_train_0003,26,0.8788655400276184,1429
chartqa_train_0003,27,,1429
chartqa_train_0004,0,0.9214637279510498,1620
chartqa_train_0004,1,0.9207311868667603,1620
chartqa_train_0004,2,0.9400326609611511,1620
chartqa_train_0004,3,0.9406707882881165,1620
chartqa_train_0004,4,0.87568199634552,1620
chartqa_train_0004,5,0.8752121329307556,1620
chartqa_train_0004,6,0.8989205956459045,1620
chartqa_train_0004,7,0.887080192565918,1620
chartqa_train_0004,8,0.7596310377120972,1620
chartqa_train_0004,9,0.8641202449798584,1620
chartqa_train_0004,10,0.9099709391593933,1620
chartqa_train_0004,11,0.8664672374725342,1620
chartqa_train_0004,12,0.8505783677101135,1620
chartqa_train_0004,13,0.9022575616836548,1620
chartqa_train_0004,14,0.8010792136192322,1620
chartqa_train_0004,15,0.7739325165748596,1620
chartqa_train_0004,16,0.8316020965576172,1620
chartqa_train_0004,17,0.8211448192596436,1620
chartqa_train_0004,18,0.8308860063552856,1620
chartqa_train_0004,19,0.7881518602371216,1620
chartqa_train_0004,20,0.8142045736312866,1620
chartqa_train_0004,21,0.8053497672080994,1620
chartqa_train_0004,22,0.7019404768943787,1620
chartqa_train_0004,23,0.7856130599975586,1620
chartqa_train_0004,24,0.8538206815719604,1620
chartqa_train_0004,25,0.8526356220245361,1620
chartqa_train_0004,26,0.8691707253456116,1620
chartqa_train_0004,27,,1620
chartqa_train_0005,0,0.9175683856010437,1620
chartqa_train_0005,1,0.9190062880516052,1620
chartqa_train_0005,2,0.9377433061599731,1620
chartqa_train_0005,3,0.934678852558136,1620
chartqa_train_0005,4,0.8943910002708435,1620
chartqa_train_0005,5,0.902423620223999,1620
chartqa_train_0005,6,0.9149828553199768,1620
chartqa_train_0005,7,0.9040406942367554,1620
chartqa_train_0005,8,0.8984484672546387,1620
chartqa_train_0005,9,0.8468454480171204,1620
chartqa_train_0005,10,0.9189987778663635,1620
chartqa_train_0005,11,0.8897170424461365,1620
chartqa_train_0005,12,0.8827134370803833,1620
chartqa_train_0005,13,0.9028323888778687,1620
chartqa_train_0005,14,0.8438099026679993,1620
chartqa_train_0005,15,0.9108080863952637,1620
chartqa_train_0005,16,0.8644024729728699,1620
chartqa_train_0005,17,0.8546203970909119,1620
chartqa_train_0005,18,0.8702277541160583,1620
chartqa_train_0005,19,0.7894700169563293,1620
chartqa_train_0005,20,0.8186281323432922,1620
chartqa_train_0005,21,0.8227213621139526,1620
chartqa_train_0005,22,0.7761813402175903,1620
chartqa_train_0005,23,0.8661340475082397,1620
chartqa_train_0005,24,0.8959389328956604,1620
chartqa_train_0005,25,0.8601848483085632,1620
chartqa_train_0005,26,0.8659563660621643,1620
chartqa_train_0005,27,,1620
chartqa_train_0009,0,0.9153882265090942,1377
chartqa_train_0009,1,0.8943381905555725,1377
chartqa_train_0009,2,0.9055477380752563,1377
chartqa_train_0009,3,0.9231252670288086,1377
chartqa_train_0009,4,0.8951998353004456,1377
chartqa_train_0009,5,0.8856623768806458,1377
chartqa_train_0009,6,0.9205416440963745,1377
chartqa_train_0009,7,0.9022050499916077,1377
chartqa_train_0009,8,0.8700302839279175,1377
chartqa_train_0009,9,0.8746728897094727,1377
chartqa_train_0009,10,0.9078447222709656,1377
chartqa_train_0009,11,0.8172954320907593,1377
chartqa_train_0009,12,0.8555381298065186,1377
chartqa_train_0009,13,0.9034819602966309,1377
chartqa_train_0009,14,0.7643989324569702,1377
chartqa_train_0009,15,0.8396766185760498,1377
chartqa_train_0009,16,0.8015440702438354,1377
chartqa_train_0009,17,0.8099268078804016,1377
chartqa_train_0009,18,0.8325032591819763,1377
chartqa_train_0009,19,0.7960187196731567,1377
chartqa_train_0009,20,0.8075612187385559,1377
chartqa_train_0009,21,0.7950476408004761,1377
chartqa_train_0009,22,0.7390786409378052,1377
chartqa_train_0009,23,0.8227386474609375,1377
chartqa_train_0009,24,0.907289981842041,1377
chartqa_train_0009,25,0.8541558384895325,1377
chartqa_train_0009,26,0.8636246919631958,1377
chartqa_train_0009,27,,1377
chartqa_train_0010,0,0.9133514761924744,1793
chartqa_train_0010,1,0.9046206474304199,1793
chartqa_train_0010,2,0.9430241584777832,1793
chartqa_train_0010,3,0.9474743604660034,1793
chartqa_train_0010,4,0.8590061068534851,1793
chartqa_train_0010,5,0.9122411608695984,1793
chartqa_train_0010,6,0.911453127861023,1793
chartqa_train_0010,7,0.900214433670044,1793
chartqa_train_0010,8,0.8515753746032715,1793
chartqa_train_0010,9,0.861997663974762,1793
chartqa_train_0010,10,0.9037502408027649,1793
chartqa_train_0010,11,0.9049070477485657,1793
chartqa_train_0010,12,0.9024161696434021,1793
chartqa_train_0010,13,0.9258684515953064,1793
chartqa_train_0010,14,0.8253424763679504,1793
chartqa_train_0010,15,0.8489536643028259,1793
chartqa_train_0010,16,0.8150374889373779,1793
chartqa_train_0010,17,0.8588865995407104,1793
chartqa_train_0010,18,0.863243043422699,1793
chartqa_train_0010,19,0.7943589687347412,1793
chartqa_train_0010,20,0.8478319048881531,1793
chartqa_train_0010,21,0.8658402562141418,1793
chartqa_train_0010,22,0.8132438659667969,1793
chartqa_train_0010,23,0.8573155999183655,1793
chartqa_train_0010,24,0.9011457562446594,1793
chartqa_train_0010,25,0.8448339700698853,1793
chartqa_train_0010,26,0.8488662838935852,1793
chartqa_train_0010,27,,1793
chartqa_train_0012,0,0.9074992537498474,1429
chartqa_train_0012,1,0.9114446043968201,1429
chartqa_train_0012,2,0.9209914207458496,1429
chartqa_train_0012,3,0.920242428779602,1429
chartqa_train_0012,4,0.8554664254188538,1429
chartqa_train_0012,5,0.8878385424613953,1429
chartqa_train_0012,6,0.8872432708740234,1429
chartqa_train_0012,7,0.8780515789985657,1429
chartqa_train_0012,8,0.8891821503639221,1429
chartqa_train_0012,9,0.8375316262245178,1429
chartqa_train_0012,10,0.8913347125053406,1429
chartqa_train_0012,11,0.8636482954025269,1429
chartqa_train_0012,12,0.8696067333221436,1429
chartqa_train_0012,13,0.8461846113204956,1429
chartqa_train_0012,14,0.8670412302017212,1429
chartqa_train_0012,15,0.9012550711631775,1429
chartqa_train_0012,16,0.864048957824707,1429
chartqa_train_0012,17,0.8962926268577576,1429
chartqa_train_0012,18,0.8469471335411072,1429
chartqa_train_0012,19,0.7907536029815674,1429
chartqa_train_0012,20,0.8835621476173401,1429
chartqa_train_0012,21,0.8754915595054626,1429
chartqa_train_0012,22,0.8900248408317566,1429
chartqa_train_0012,23,0.875809907913208,1429
chartqa_train_0012,24,0.8881856203079224,1429
chartqa_train_0012,25,0.8862702250480652,1429
chartqa_train_0012,26,0.869673490524292,1429
chartqa_train_0012,27,0.86996990442276,1429
chartqa_train_0014,0,0.9137247800827026,1429
chartqa_train_0014,1,0.9256120920181274,1429
chartqa_train_0014,2,0.9286193251609802,1429
chartqa_train_0014,3,0.9403623938560486,1429
chartqa_train_0014,4,0.9007559418678284,1429
chartqa_train_0014,5,0.9328630566596985,1429
chartqa_train_0014,6,0.8966909050941467,1429
chartqa_train_0014,7,0.8934265375137329,1429
chartqa_train_0014,8,0.8824781179428101,1429
chartqa_train_0014,9,0.8045761585235596,1429
chartqa_train_0014,10,0.9155252575874329,1429
chartqa_train_0014,11,0.8758429288864136,1429
chartqa_train_0014,12,0.8891191482543945,1429
chartqa_train_0014,13,0.8942294716835022,1429
chartqa_train_0014,14,0.9123392105102539,1429
chartqa_train_0014,15,0.9246184825897217,1429
chartqa_train_0014,16,0.8817405104637146,1429
chartqa_train_0014,17,0.9168416857719421,1429
chartqa_train_0014,18,0.9134510159492493,1429
chartqa_train_0014,19,0.8775311708450317,1429
chartqa_train_0014,20,0.9200743436813354,1429
chartqa_train_0014,21,0.9135514497756958,1429
chartqa_train_0014,22,0.8827049732208252,1429
chartqa_train_0014,23,0.898051381111145,1429
chartqa_train_0014,24,0.8806321620941162,1429
chartqa_train_0014,25,0.8928003311157227,1429
chartqa_train_0014,26,0.8557765483856201,1429
chartqa_train_0014,27,,1429
chartqa_train_0015,0,0.9118425250053406,1429
chartqa_train_0015,1,0.9071409106254578,1429
chartqa_train_0015,2,0.9351106882095337,1429
chartqa_train_0015,3,0.9362058043479919,1429
chartqa_train_0015,4,0.8379195332527161,1429
chartqa_train_0015,5,0.8962702751159668,1429
chartqa_train_0015,6,0.9355261325836182,1429
chartqa_train_0015,7,0.912032425403595,1429
chartqa_train_0015,8,0.7820520997047424,1429
chartqa_train_0015,9,0.8851482272148132,1429
chartqa_train_0015,10,0.9110427498817444,1429
chartqa_train_0015,11,0.8508970141410828,1429
chartqa_train_0015,12,0.872316837310791,1429
chartqa_train_0015,13,0.9065788984298706,1429
chartqa_train_0015,14,0.7775281071662903,1429
chartqa_train_0015,15,0.8003367185592651,1429
chartqa_train_0015,16,0.7561658024787903,1429
chartqa_train_0015,17,0.7703904509544373,1429
chartqa_train_0015,18,0.7930768728256226,1429
chartqa_train_0015,19,0.7369324564933777,1429
chartqa_train_0015,20,0.7881984114646912,1429
chartqa_train_0015,21,0.788765013217926,1429
chartqa_train_0015,22,0.7127835750579834,1429
chartqa_train_0015,23,0.7436261177062988,1429
chartqa_train_0015,24,0.8464288115501404,1429
chartqa_train_0015,25,0.7406122088432312,1429
chartqa_train_0015,26,0.809024453163147,1429
chartqa_train_0015,27,,1429
chartqa_train_0017,0,0.9167844653129578,1429
chartqa_train_0017,1,0.9182491302490234,1429
chartqa_train_0017,2,0.926415205001831,1429
chartqa_train_0017,3,0.9169862270355225,1429
chartqa_train_0017,4,0.8510000109672546,1429
chartqa_train_0017,5,0.9003610610961914,1429
chartqa_train_0017,6,0.8671417236328125,1429
chartqa_train_0017,7,0.8502407670021057,1429
chartqa_train_0017,8,0.8663461804389954,1429
chartqa_train_0017,9,0.8000741600990295,1429
chartqa_train_0017,10,0.8646342754364014,1429
chartqa_train_0017,11,0.8555348515510559,1429
chartqa_train_0017,12,0.8723323941230774,1429
chartqa_train_0017,13,0.8564103841781616,1429
chartqa_train_0017,14,0.8756470680236816,1429
chartqa_train_0017,15,0.9027028679847717,1429
chartqa_train_0017,16,0.8639147877693176,1429
chartqa_train_0017,17,0.8852333426475525,1429
chartqa_train_0017,18,0.8351390957832336,1429
chartqa_train_0017,19,0.8034873008728027,1429
chartqa_train_0017,20,0.8732687830924988,1429
chartqa_train_0017,21,0.8486524820327759,1429
chartqa_train_0017,22,0.8681482672691345,1429
chartqa_train_0017,23,0.8659109473228455,1429
chartqa_train_0017,24,0.8742958903312683,1429
chartqa_train_0017,25,0.8874255418777466,1429
chartqa_train_0017,26,0.8452329039573669,1429
chartqa_train_0017,27,0.8649663329124451,1429
chartqa_train_0021,0,0.9197127223014832,1849
chartqa_train_0021,1,0.9114663004875183,1849
chartqa_train_0021,2,0.9461161494255066,1849
chartqa_train_0021,3,0.9477750658988953,1849
chartqa_train_0021,4,0.8618100881576538,1849
chartqa_train_0021,5,0.8753623962402344,1849
chartqa_train_0021,6,0.895068883895874,1849
chartqa_train_0021,7,0.8966046571731567,1849
chartqa_train_0021,8,0.8148261308670044,1849
chartqa_train_0021,9,0.8313135504722595,1849
chartqa_train_0021,10,0.8779231905937195,1849
chartqa_train_0021,11,0.8330070972442627,1849
chartqa_train_0021,12,0.8500324487686157,1849
chartqa_train_0021,13,0.8638538718223572,1849
chartqa_train_0021,14,0.7676103115081787,1849
chartqa_train_0021,15,0.827159583568573,1849
chartqa_train_0021,16,0.7876102328300476,1849
chartqa_train_0021,17,0.8277866840362549,1849
chartqa_train_0021,18,0.8517440557479858,1849
chartqa_train_0021,19,0.7911552786827087,1849
chartqa_train_0021,20,0.8485859036445618,1849
chartqa_train_0021,21,0.8106813430786133,1849
chartqa_train_0021,22,0.7250489592552185,1849
chartqa_train_0021,23,0.8059366345405579,1849
chartqa_train_0021,24,0.8657485246658325,1849
chartqa_train_0021,25,0.857807457447052,1849
chartqa_train_0021,26,0.8381680846214294,1849
chartqa_train_0021,27,0.8504192233085632,1849
chartqa_train_0022,0,0.9210274815559387,1431
chartqa_train_0022,1,0.9154890775680542,1431
chartqa_train_0022,2,0.90003901720047,1431
chartqa_train_0022,3,0.9131091237068176,1431
chartqa_train_0022,4,0.9073691964149475,1431
chartqa_train_0022,5,0.9178888201713562,1431
chartqa_train_0022,6,0.8806058168411255,1431
chartqa_train_0022,7,0.8887201547622681,1431
chartqa_train_0022,8,0.8729724287986755,1431
chartqa_train_0022,9,0.823663055896759,1431
chartqa_train_0022,10,0.9113955497741699,1431
chartqa_train_0022,11,0.8760176301002502,1431
chartqa_train_0022,12,0.8902372717857361,1431
chartqa_train_0022,13,0.9004619121551514,1431
chartqa_train_0022,14,0.8944827318191528,1431
chartqa_train_0022,15,0.9064048528671265,1431
chartqa_train_0022,16,0.8795512914657593,1431
chartqa_train_0022,17,0.9010540843009949,1431
chartqa_train_0022,18,0.9017860889434814,1431
chartqa_train_0022,19,0.8544125556945801,1431
chartqa_train_0022,20,0.9019795656204224,1431
chartqa_train_0022,21,0.874746561050415,1431
chartqa_train_0022,22,0.8643177151679993,1431
chartqa_train_0022,23,0.8791477680206299,1431
chartqa_train_0022,24,0.8552584052085876,1431
chartqa_train_0022,25,0.8906650543212891,1431
chartqa_train_0022,26,0.8418489694595337,1431
chartqa_train_0022,27,,1431
chartqa_train_0024,0,0.8786277770996094,3699
chartqa_train_0024,1,0.8742551803588867,3699
chartqa_train_0024,2,0.9292984008789062,3699
chartqa_train_0024,3,0.921417236328125,3699
chartqa_train_0024,4,0.8385495543479919,3699
chartqa_train_0024,5,0.8659893274307251,3699
chartqa_train_0024,6,0.9106272459030151,3699
chartqa_train_0024,7,0.8777785301208496,3699
chartqa_train_0024,8,0.7617290616035461,3699
chartqa_train_0024,9,0.8422432541847229,3699
chartqa_train_0024,10,0.8695330619812012,3699
chartqa_train_0024,11,0.8435150980949402,3699
chartqa_train_0024,12,0.8514413833618164,3699
chartqa_train_0024,13,0.8843681216239929,3699
chartqa_train_0024,14,0.7510268688201904,3699
chartqa_train_0024,15,0.7923255562782288,3699
chartqa_train_0024,16,0.7665194272994995,3699
chartqa_train_0024,17,0.7999429106712341,3699
chartqa_train_0024,18,0.8748695850372314,3699
chartqa_train_0024,19,0.7127596735954285,3699
chartqa_train_0024,20,0.8542659878730774,3699
chartqa_train_0024,21,0.7937570810317993,3699
chartqa_train_0024,22,0.7724710702896118,3699
chartqa_train_0024,23,0.842229425907135,3699
chartqa_train_0024,24,0.86776202917099,3699
chartqa_train_0024,25,0.8065674901008606,3699
chartqa_train_0024,26,0.8021119832992554,3699
chartqa_train_0024,27,,3699
chartqa_train_0025,0,0.8788751363754272,3699
chartqa_train_0025,1,0.8740918040275574,3699
chartqa_train_0025,2,0.9278678894042969,3699
chartqa_train_0025,3,0.9220885038375854,3699
chartqa_train_0025,4,0.8451364040374756,3699
chartqa_train_0025,5,0.8637099862098694,3699
chartqa_train_0025,6,0.9119895696640015,3699
chartqa_train_0025,7,0.8755626678466797,3699
chartqa_train_0025,8,0.7388731837272644,3699
chartqa_train_0025,9,0.8435055613517761,3699
chartqa_train_0025,10,0.8687650561332703,3699
chartqa_train_0025,11,0.8379335999488831,3699
chartqa_train_0025,12,0.8541467189788818,3699
chartqa_train_0025,13,0.888424813747406,3699
chartqa_train_0025,14,0.7563697099685669,3699
chartqa_train_0025,15,0.795251727104187,3699
chartqa_train_0025,16,0.776211678981781,3699
chartqa_train_0025,17,0.8077782392501831,3699
chartqa_train_0025,18,0.8830941319465637,3699
chartqa_train_0025,19,0.747334361076355,3699
chartqa_train_0025,20,0.8225366473197937,3699
chartqa_train_0025,21,0.7721859812736511,3699
chartqa_train_0025,22,0.7463856339454651,3699
chartqa_train_0025,23,0.8144709467887878,3699
chartqa_train_0025,24,0.883460283279419,3699
chartqa_train_0025,25,0.788256824016571,3699
chartqa_train_0025,26,0.8160357475280762,3699
chartqa_train_0025,27,,3699
chartqa_train_0026,0,0.8867330551147461,3591
chartqa_train_0026,1,0.9006748199462891,3591
chartqa_train_0026,2,0.9306725859642029,3591
chartqa_train_0026,3,0.9117918610572815,3591
chartqa_train_0026,4,0.8774173259735107,3591
chartqa_train_0026,5,0.8764405846595764,3591
chartqa_train_0026,6,0.9026187062263489,3591
chartqa_train_0026,7,0.8821780681610107,3591
chartqa_train_0026,8,0.7376421093940735,3591
chartqa_train_0026,9,0.8015162944793701,3591
chartqa_train_0026,10,0.8665962219238281,3591
chartqa_train_0026,11,0.8317430019378662,3591
chartqa_train_0026,12,0.8814941644668579,3591
chartqa_train_0026,13,0.9088420867919922,3591
chartqa_train_0026,14,0.7776241898536682,3591
chartqa_train_0026,15,0.7744535207748413,3591
chartqa_train_0026,16,0.7906678915023804,3591
chartqa_train_0026,17,0.8333170413970947,3591
chartqa_train_0026,18,0.8404533267021179,3591
chartqa_train_0026,19,0.742242157459259,3591
chartqa_train_0026,20,0.8521597385406494,3591
chartqa_train_0026,21,0.8322753310203552,3591
chartqa_train_0026,22,0.6882967948913574,3591
chartqa_train_0026,23,0.8099321126937866,3591
chartqa_train_0026,24,0.8642637729644775,3591
chartqa_train_0026,25,0.8345487713813782,3591
chartqa_train_0026,26,0.8008819222450256,3591
chartqa_train_0026,27,0.8480675220489502,3591
chartqa_train_0027,0,0.8850833177566528,3591
chartqa_train_0027,1,0.895620584487915,3591
chartqa_train_0027,2,0.9312642216682434,3591
chartqa_train_0027,3,0.9176914691925049,3591
chartqa_train_0027,4,0.8724552989006042,3591
chartqa_train_0027,5,0.8781079649925232,3591
chartqa_train_0027,6,0.902469277381897,3591
chartqa_train_0027,7,0.8893746137619019,3591
chartqa_train_0027,8,0.7546433806419373,3591
chartqa_train_0027,9,0.8388724327087402,3591
chartqa_train_0027,10,0.8999550938606262,3591
chartqa_train_0027,11,0.878900408744812,3591
chartqa_train_0027,12,0.8815472722053528,3591
chartqa_train_0027,13,0.9126213788986206,3591
chartqa_train_0027,14,0.8191574811935425,3591
chartqa_train_0027,15,0.821018636226654,3591
chartqa_train_0027,16,0.8237862586975098,3591
chartqa_train_0027,17,0.8449627757072449,3591
chartqa_train_0027,18,0.9015951156616211,3591
chartqa_train_0027,19,0.7962247729301453,3591
chartqa_train_0027,20,0.8301892876625061,3591
chartqa_train_0027,21,0.7958397269248962,3591
chartqa_train_0027,22,0.6182736158370972,3591
chartqa_train_0027,23,0.7184098958969116,3591
chartqa_train_0027,24,0.8723174929618835,3591
chartqa_train_0027,25,0.849098265171051,3591
chartqa_train_0027,26,0.8584862947463989,3591
chartqa_train_0027,27,,3591
chartqa_train_0028,0,0.9059881567955017,1793
chartqa_train_0028,1,0.9056442379951477,1793
chartqa_train_0028,2,0.9464595317840576,1793
chartqa_train_0028,3,0.9391862154006958,1793
chartqa_train_0028,4,0.8875806331634521,1793
chartqa_train_0028,5,0.8457750082015991,1793
chartqa_train_0028,6,0.9123465418815613,1793
chartqa_train_0028,7,0.894565999507904,1793
chartqa_train_0028,8,0.7831281423568726,1793
chartqa_train_0028,9,0.8802775740623474,1793
chartqa_train_0028,10,0.9165019989013672,1793
chartqa_train_0028,11,0.8808482885360718,1793
chartqa_train_0028,12,0.8873165845870972,1793
chartqa_train_0028,13,0.9033201336860657,1793
chartqa_train_0028,14,0.7846429944038391,1793
chartqa_train_0028,15,0.7987394332885742,1793
chartqa_train_0028,16,0.8144542574882507,1793
chartqa_train_0028,17,0.8100510835647583,1793
chartqa_train_0028,18,0.8657152056694031,1793
chartqa_train_0028,19,0.7650198340415955,1793
chartqa_train_0028,20,0.8337409496307373,1793
chartqa_train_0028,21,0.831508994102478,1793
chartqa_train_0028,22,0.7069319486618042,1793
chartqa_train_0028,23,0.7659951448440552,1793
chartqa_train_0028,24,0.8603964447975159,1793
chartqa_train_0028,25,0.8075792193412781,1793
chartqa_train_0028,26,0.8104761242866516,1793
chartqa_train_0028,27,,1793
chartqa_train_0030,0,0.9137657880783081,1431
chartqa_train_0030,1,0.9086047410964966,1431
chartqa_train_0030,2,0.9157862663269043,1431
chartqa_train_0030,3,0.920646071434021,1431
chartqa_train_0030,4,0.8794546723365784,1431
chartqa_train_0030,5,0.8990679383277893,1431
chartqa_train_0030,6,0.9011813402175903,1431
chartqa_train_0030,7,0.9167718887329102,1431
chartqa_train_0030,8,0.8234879374504089,1431
chartqa_train_0030,9,0.889047384262085,1431
chartqa_train_0030,10,0.931911826133728,1431
chartqa_train_0030,11,0.8942999839782715,1431
chartqa_train_0030,12,0.891175389289856,1431
chartqa_train_0030,13,0.9100763201713562,1431
chartqa_train_0030,14,0.7985045313835144,1431
chartqa_train_0030,15,0.8098794221878052,1431
chartqa_train_0030,16,0.7906709313392639,1431
chartqa_train_0030,17,0.8261132836341858,1431
chartqa_train_0030,18,0.8510523438453674,1431
chartqa_train_0030,19,0.796188235282898,1431
chartqa_train_0030,20,0.8000413179397583,1431
chartqa_train_0030,21,0.7672051191329956,1431
chartqa_train_0030,22,0.6626487970352173,1431
chartqa_train_0030,23,0.7492138147354126,1431
chartqa_train_0030,24,0.8206070065498352,1431
chartqa_train_0030,25,0.8061904907226562,1431
chartqa_train_0030,26,0.8418391346931458,1431
chartqa_train_0030,27,,1431
chartqa_train_0038,0,0.9240542650222778,1681
chartqa_train_0038,1,0.9198405742645264,1681
chartqa_train_0038,2,0.9547988176345825,1681
chartqa_train_0038,3,0.9431428909301758,1681
chartqa_train_0038,4,0.8410339951515198,1681
chartqa_train_0038,5,0.8723272085189819,1681
chartqa_train_0038,6,0.8629093170166016,1681
chartqa_train_0038,7,0.8718540072441101,1681
chartqa_train_0038,8,0.8906491994857788,1681
chartqa_train_0038,9,0.8060307502746582,1681
chartqa_train_0038,10,0.8853893876075745,1681
chartqa_train_0038,11,0.8590828776359558,1681
chartqa_train_0038,12,0.8582658171653748,1681
chartqa_train_0038,13,0.8843601942062378,1681
chartqa_train_0038,14,0.7430338859558105,1681
chartqa_train_0038,15,0.8152377009391785,1681
chartqa_train_0038,16,0.8091745972633362,1681
chartqa_train_0038,17,0.8188789486885071,1681
chartqa_train_0038,18,0.8700457215309143,1681
chartqa_train_0038,19,0.7774792313575745,1681
chartqa_train_0038,20,0.7858347296714783,1681
chartqa_train_0038,21,0.7715988159179688,1681
chartqa_train_0038,22,0.7424212098121643,1681
chartqa_train_0038,23,0.8144793510437012,1681
chartqa_train_0038,24,0.8948941826820374,1681
chartqa_train_0038,25,0.8353739976882935,1681
chartqa_train_0038,26,0.860996663570404,1681
chartqa_train_0038,27,0.8817641139030457,1681
chartqa_train_0039,0,0.9327000975608826,1681
chartqa_train_0039,1,0.9209306240081787,1681
chartqa_train_0039,2,0.9595742225646973,1681
chartqa_train_0039,3,0.9552990198135376,1681
chartqa_train_0039,4,0.8812640309333801,1681
chartqa_train_0039,5,0.9026477336883545,1681
chartqa_train_0039,6,0.889648973941803,1681
chartqa_train_0039,7,0.9019569158554077,1681
chartqa_train_0039,8,0.9111825227737427,1681
chartqa_train_0039,9,0.8766165375709534,1681
chartqa_train_0039,10,0.9263222813606262,1681
chartqa_train_0039,11,0.8875506520271301,1681
chartqa_train_0039,12,0.8734524250030518,1681
chartqa_train_0039,13,0.8738973736763,1681
chartqa_train_0039,14,0.736518383026123,1681
chartqa_train_0039,15,0.7880385518074036,1681
chartqa_train_0039,16,0.8156239986419678,1681
chartqa_train_0039,17,0.8578767776489258,1681
chartqa_train_0039,18,0.8720738291740417,1681
chartqa_train_0039,19,0.7569883465766907,1681
chartqa_train_0039,20,0.8103864192962646,1681
chartqa_train_0039,21,0.6892156004905701,1681
chartqa_train_0039,22,0.6757855415344238,1681
chartqa_train_0039,23,0.7525189518928528,1681
chartqa_train_0039,24,0.8938044309616089,1681
chartqa_train_0039,25,0.8702619075775146,1681
chartqa_train_0039,26,0.8784376382827759,1681
chartqa_train_0039,27,,1681
chartqa_train_0043,0,0.9099514484405518,1485
chartqa_train_0043,1,0.8985651135444641,1485
chartqa_train_0043,2,0.907518744468689,1485
chartqa_train_0043,3,0.9114020466804504,1485
chartqa_train_0043,4,0.8126481771469116,1485
chartqa_train_0043,5,0.8840361833572388,1485
chartqa_train_0043,6,0.9352442026138306,1485
chartqa_train_0043,7,0.9118500351905823,1485
chartqa_train_0043,8,0.751086413860321,1485
chartqa_train_0043,9,0.9016813635826111,1485
chartqa_train_0043,10,0.9145990610122681,1485
chartqa_train_0043,11,0.8241795301437378,1485
chartqa_train_0043,12,0.8728377223014832,1485
chartqa_train_0043,13,0.8901222944259644,1485
chartqa_train_0043,14,0.7541293501853943,1485
chartqa_train_0043,15,0.7356817722320557,1485
chartqa_train_0043,16,0.7625781297683716,1485
chartqa_train_0043,17,0.7439928650856018,1485
chartqa_train_0043,18,0.8055137395858765,1485
chartqa_train_0043,19,0.7004029154777527,1485
chartqa_train_0043,20,0.7781781554222107,1485
chartqa_train_0043,21,0.7444459199905396,1485
chartqa_train_0043,22,0.6825646758079529,1485
chartqa_train_0043,23,0.7432650327682495,1485
chartqa_train_0043,24,0.8628014326095581,1485
chartqa_train_0043,25,0.7581278681755066,1485
chartqa_train_0043,26,0.7930137515068054,1485
chartqa_train_0043,27,0.8703494071960449,1485
chartqa_train_0044,0,0.913435697555542,1431
chartqa_train_0044,1,0.9075623154640198,1431
chartqa_train_0044,2,0.8971430063247681,1431
chartqa_train_0044,3,0.8992192149162292,1431
chartqa_train_0044,4,0.8652346730232239,1431
chartqa_train_0044,5,0.9189823865890503,1431
chartqa_train_0044,6,0.8956222534179688,1431
chartqa_train_0044,7,0.8925918340682983,1431
chartqa_train_0044,8,0.8734246492385864,1431
chartqa_train_0044,9,0.8209975957870483,1431
chartqa_train_0044,10,0.9182989597320557,1431
chartqa_train_0044,11,0.9158417582511902,1431
chartqa_train_0044,12,0.9259616136550903,1431
chartqa_train_0044,13,0.9283649325370789,1431
chartqa_train_0044,14,0.8838728070259094,1431
chartqa_train_0044,15,0.8806197047233582,1431
chartqa_train_0044,16,0.8261231184005737,1431
chartqa_train_0044,17,0.8893469572067261,1431
chartqa_train_0044,18,0.9202958941459656,1431
chartqa_train_0044,19,0.8746212720870972,1431
chartqa_train_0044,20,0.891650378704071,1431
chartqa_train_0044,21,0.891334056854248,1431
chartqa_train_0044,22,0.8063300848007202,1431
chartqa_train_0044,23,0.8340861797332764,1431
chartqa_train_0044,24,0.8352707028388977,1431
chartqa_train_0044,25,0.8438671231269836,1431
chartqa_train_0044,26,0.8515282273292542,1431
chartqa_train_0044,27,,1431
chartqa_train_0052,0,0.8812103867530823,3888
chartqa_train_0052,1,0.8852837681770325,3888
chartqa_train_0052,2,0.9376782774925232,3888
chartqa_train_0052,3,0.9277795553207397,3888
chartqa_train_0052,4,0.8371669054031372,3888
chartqa_train_0052,5,0.8658511638641357,3888
chartqa_train_0052,6,0.9084621071815491,3888
chartqa_train_0052,7,0.879072904586792,3888
chartqa_train_0052,8,0.7189205884933472,3888
chartqa_train_0052,9,0.8195817470550537,3888
chartqa_train_0052,10,0.8696904182434082,3888
chartqa_train_0052,11,0.8483365178108215,3888
chartqa_train_0052,12,0.870402991771698,3888
chartqa_train_0052,13,0.8905960917472839,3888
chartqa_train_0052,14,0.7971622943878174,3888
chartqa_train_0052,15,0.8107685446739197,3888
chartqa_train_0052,16,0.7854278087615967,3888
chartqa_train_0052,17,0.8298066854476929,3888
chartqa_train_0052,18,0.8510171175003052,3888
chartqa_train_0052,19,0.7002999186515808,3888
chartqa_train_0052,20,0.8428773283958435,3888
chartqa_train_0052,21,0.8308404684066772,3888
chartqa_train_0052,22,0.70199054479599,3888
chartqa_train_0052,23,0.8069203495979309,3888
chartqa_train_0052,24,0.8772988319396973,3888
chartqa_train_0052,25,0.8424527645111084,3888
chartqa_train_0052,26,0.8199278116226196,3888
chartqa_train_0052,27,0.8769151568412781,3888
chartqa_train_0053,0,0.8608930706977844,3888
chartqa_train_0053,1,0.884621798992157,3888
chartqa_train_0053,2,0.9297370910644531,3888
chartqa_train_0053,3,0.9214772582054138,3888
chartqa_train_0053,4,0.8755645155906677,3888
chartqa_train_0053,5,0.8769821524620056,3888
chartqa_train_0053,6,0.8741093277931213,3888
chartqa_train_0053,7,0.8497808575630188,3888
chartqa_train_0053,8,0.8302176594734192,3888
chartqa_train_0053,9,0.7738354206085205,3888
chartqa_train_0053,10,0.8602219223976135,3888
chartqa_train_0053,11,0.8324915766716003,3888
chartqa_train_0053,12,0.8559894561767578,3888
chartqa_train_0053,13,0.8867230415344238,3888
chartqa_train_0053,14,0.8287518620491028,3888
chartqa_train_0053,15,0.8952580094337463,3888
chartqa_train_0053,16,0.8697628974914551,3888
chartqa_train_0053,17,0.8846868872642517,3888
chartqa_train_0053,18,0.8798699975013733,3888
chartqa_train_0053,19,0.7932156920433044,3888
chartqa_train_0053,20,0.8289263248443604,3888
chartqa_train_0053,21,0.830870509147644,3888
chartqa_train_0053,22,0.7690560221672058,3888
chartqa_train_0053,23,0.817706286907196,3888
chartqa_train_0053,24,0.8702261447906494,3888
chartqa_train_0053,25,0.869029700756073,3888
chartqa_train_0053,26,0.8443952798843384,3888
chartqa_train_0053,27,,3888
chartqa_train_0056,0,0.8633625507354736,4536
chartqa_train_0056,1,0.8855661749839783,4536
chartqa_train_0056,2,0.9295474886894226,4536
chartqa_train_0056,3,0.9178491234779358,4536
chartqa_train_0056,4,0.8542488217353821,4536
chartqa_train_0056,5,0.8577022552490234,4536
chartqa_train_0056,6,0.8573092818260193,4536
chartqa_train_0056,7,0.8285065293312073,4536
chartqa_train_0056,8,0.840286910533905,4536
chartqa_train_0056,9,0.7566555142402649,4536
chartqa_train_0056,10,0.8678216934204102,4536
chartqa_train_0056,11,0.8550854325294495,4536
chartqa_train_0056,12,0.8573574423789978,4536
chartqa_train_0056,13,0.8885096907615662,4536
chartqa_train_0056,14,0.8055843710899353,4536
chartqa_train_0056,15,0.872901976108551,4536
chartqa_train_0056,16,0.862829327583313,4536
chartqa_train_0056,17,0.8716351985931396,4536
chartqa_train_0056,18,0.9098752737045288,4536
chartqa_train_0056,19,0.8573035001754761,4536
chartqa_train_0056,20,0.864542543888092,4536
chartqa_train_0056,21,0.8674420714378357,4536
chartqa_train_0056,22,0.7813360691070557,4536
chartqa_train_0056,23,0.8225722908973694,4536
chartqa_train_0056,24,0.8258068561553955,4536
chartqa_train_0056,25,0.8589246273040771,4536
chartqa_train_0056,26,0.8034523725509644,4536
chartqa_train_0056,27,0.8193370699882507,4536
chartqa_train_0058,0,0.8790042400360107,4854
chartqa_train_0058,1,0.8948020935058594,4854
chartqa_train_0058,2,0.9426647424697876,4854
chartqa_train_0058,3,0.9283397197723389,4854
chartqa_train_0058,4,0.8546549677848816,4854
chartqa_train_0058,5,0.8648253083229065,4854
chartqa_train_0058,6,0.8563094139099121,4854
chartqa_train_0058,7,0.8544265031814575,4854
chartqa_train_0058,8,0.8584191203117371,4854
chartqa_train_0058,9,0.760450005531311,4854
chartqa_train_0058,10,0.862723171710968,4854
chartqa_train_0058,11,0.8491193056106567,4854
chartqa_train_0058,12,0.8544624447822571,4854
chartqa_train_0058,13,0.8731192946434021,4854
chartqa_train_0058,14,0.8512526750564575,4854
chartqa_train_0058,15,0.890525758266449,4854
chartqa_train_0058,16,0.8807507157325745,4854
chartqa_train_0058,17,0.9000328779220581,4854
chartqa_train_0058,18,0.9000332355499268,4854
chartqa_train_0058,19,0.8476346135139465,4854
chartqa_train_0058,20,0.8881387710571289,4854
chartqa_train_0058,21,0.8489020466804504,4854
chartqa_train_0058,22,0.840657114982605,4854
chartqa_train_0058,23,0.8692444562911987,4854
chartqa_train_0058,24,0.8713366985321045,4854
chartqa_train_0058,25,0.8637340068817139,4854
chartqa_train_0058,26,0.8474653959274292,4854
chartqa_train_0058,27,0.857369065284729,4854
chartqa_train_0064,0,0.8657217621803284,4536
chartqa_train_0064,1,0.8810107111930847,4536
chartqa_train_0064,2,0.9325709939002991,4536
chartqa_train_0064,3,0.9078963398933411,4536
chartqa_train_0064,4,0.8379080295562744,4536
chartqa_train_0064,5,0.849283754825592,4536
chartqa_train_0064,6,0.9010387063026428,4536
chartqa_train_0064,7,0.8570600152015686,4536
chartqa_train_0064,8,0.6850457787513733,4536
chartqa_train_0064,9,0.8246868252754211,4536
chartqa_train_0064,10,0.8571431636810303,4536
chartqa_train_0064,11,0.8112198710441589,4536
chartqa_train_0064,12,0.8370446562767029,4536
chartqa_train_0064,13,0.8275629878044128,4536
chartqa_train_0064,14,0.7199682593345642,4536
chartqa_train_0064,15,0.7543150186538696,4536
chartqa_train_0064,16,0.723272442817688,4536
chartqa_train_0064,17,0.7878848314285278,4536
chartqa_train_0064,18,0.8776028156280518,4536
chartqa_train_0064,19,0.7674538493156433,4536
chartqa_train_0064,20,0.8120369911193848,4536
chartqa_train_0064,21,0.755151629447937,4536
chartqa_train_0064,22,0.7435466647148132,4536
chartqa_train_0064,23,0.7762881517410278,4536
chartqa_train_0064,24,0.8452284932136536,4536
chartqa_train_0064,25,0.7862698435783386,4536
chartqa_train_0064,26,0.7993219494819641,4536
chartqa_train_0064,27,0.8681504726409912,4536
chartqa_train_0065,0,0.8758514523506165,4536
chartqa_train_0065,1,0.9026282429695129,4536
chartqa_train_0065,2,0.931010901927948,4536
chartqa_train_0065,3,0.9162589311599731,4536
chartqa_train_0065,4,0.862318754196167,4536
chartqa_train_0065,5,0.8594362735748291,4536
chartqa_train_0065,6,0.8654466271400452,4536
chartqa_train_0065,7,0.8411494493484497,4536
chartqa_train_0065,8,0.8550375699996948,4536
chartqa_train_0065,9,0.7275148034095764,4536
chartqa_train_0065,10,0.8392673134803772,4536
chartqa_train_0065,11,0.8150231242179871,4536
chartqa_train_0065,12,0.8156229853630066,4536
chartqa_train_0065,13,0.8182560801506042,4536
chartqa_train_0065,14,0.7772301435470581,4536
chartqa_train_0065,15,0.8880091309547424,4536
chartqa_train_0065,16,0.8655322790145874,4536
chartqa_train_0065,17,0.8824158310890198,4536
chartqa_train_0065,18,0.8590518832206726,4536
chartqa_train_0065,19,0.8242967128753662,4536
chartqa_train_0065,20,0.8422572016716003,4536
chartqa_train_0065,21,0.8278746604919434,4536
chartqa_train_0065,22,0.8370575308799744,4536
chartqa_train_0065,23,0.8197591304779053,4536
chartqa_train_0065,24,0.855140745639801,4536
chartqa_train_0065,25,0.85731041431427,4536
chartqa_train_0065,26,0.843986451625824,4536
chartqa_train_0065,27,0.8629990816116333,4536
chartqa_train_0067,0,0.8899201154708862,4964
chartqa_train_0067,1,0.8943535685539246,4964
chartqa_train_0067,2,0.9334971308708191,4964
chartqa_train_0067,3,0.9330460429191589,4964
chartqa_train_0067,4,0.8448176980018616,4964
chartqa_train_0067,5,0.860587477684021,4964
chartqa_train_0067,6,0.8812833428382874,4964
chartqa_train_0067,7,0.866632342338562,4964
chartqa_train_0067,8,0.7808297276496887,4964
chartqa_train_0067,9,0.8105464577674866,4964
chartqa_train_0067,10,0.8937578797340393,4964
chartqa_train_0067,11,0.8817537426948547,4964
chartqa_train_0067,12,0.8743561506271362,4964
chartqa_train_0067,13,0.8924093246459961,4964
chartqa_train_0067,14,0.8279722332954407,4964
chartqa_train_0067,15,0.8601872324943542,4964
chartqa_train_0067,16,0.8660791516304016,4964
chartqa_train_0067,17,0.8885909914970398,4964
chartqa_train_0067,18,0.8838009238243103,4964
chartqa_train_0067,19,0.8497741222381592,4964
chartqa_train_0067,20,0.880683183670044,4964
chartqa_train_0067,21,0.8443849086761475,4964
chartqa_train_0067,22,0.7216522693634033,4964
chartqa_train_0067,23,0.7865433096885681,4964
chartqa_train_0067,24,0.8344867825508118,4964
chartqa_train_0067,25,0.825812578201294,4964
chartqa_train_0067,26,0.8567964434623718,4964
chartqa_train_0067,27,,4964
chartqa_train_0068,0,0.9242823719978333,1849
chartqa_train_0068,1,0.9218209385871887,1849
chartqa_train_0068,2,0.9568061828613281,1849
chartqa_train_0068,3,0.9546477198600769,1849
chartqa_train_0068,4,0.902044951915741,1849
chartqa_train_0068,5,0.9216107130050659,1849
chartqa_train_0068,6,0.9202823638916016,1849
chartqa_train_0068,7,0.9175495505332947,1849
chartqa_train_0068,8,0.8576230406761169,1849
chartqa_train_0068,9,0.8780143857002258,1849
chartqa_train_0068,10,0.9088602662086487,1849
chartqa_train_0068,11,0.8693073391914368,1849
chartqa_train_0068,12,0.8809332847595215,1849
chartqa_train_0068,13,0.892967939376831,1849
chartqa_train_0068,14,0.8126554489135742,1849
chartqa_train_0068,15,0.8305945992469788,1849
chartqa_train_0068,16,0.8213903307914734,1849
chartqa_train_0068,17,0.8179676532745361,1849
chartqa_train_0068,18,0.8553068041801453,1849
chartqa_train_0068,19,0.8280032873153687,1849
chartqa_train_0068,20,0.7932901978492737,1849
chartqa_train_0068,21,0.7945719361305237,1849
chartqa_train_0068,22,0.7092908620834351,1849
chartqa_train_0068,23,0.80419921875,1849
chartqa_train_0068,24,0.8524180054664612,1849
chartqa_train_0068,25,0.843134880065918,1849
chartqa_train_0068,26,0.8655787110328674,1849
chartqa_train_0068,27,,1849
chartqa_train_0069,0,0.9173648953437805,1849
chartqa_train_0069,1,0.9172999262809753,1849
chartqa_train_0069,2,0.9481411576271057,1849
chartqa_train_0069,3,0.9388384819030762,1849
chartqa_train_0069,4,0.8764151930809021,1849
chartqa_train_0069,5,0.8709147572517395,1849
chartqa_train_0069,6,0.8976978659629822,1849
chartqa_train_0069,7,0.8710083961486816,1849
chartqa_train_0069,8,0.8574032783508301,1849
chartqa_train_0069,9,0.7779422998428345,1849
chartqa_train_0069,10,0.8723565340042114,1849
chartqa_train_0069,11,0.8471290469169617,1849
chartqa_train_0069,12,0.8499687314033508,1849
chartqa_train_0069,13,0.8688993453979492,1849
chartqa_train_0069,14,0.8295611143112183,1849
chartqa_train_0069,15,0.8897675275802612,1849
chartqa_train_0069,16,0.874965250492096,1849
chartqa_train_0069,17,0.8927744030952454,1849
chartqa_train_0069,18,0.9109930396080017,1849
chartqa_train_0069,19,0.8613085150718689,1849
chartqa_train_0069,20,0.8676209449768066,1849
chartqa_train_0069,21,0.8369863033294678,1849
chartqa_train_0069,22,0.8065547347068787,1849
chartqa_train_0069,23,0.8779808282852173,1849
chartqa_train_0069,24,0.85377037525177,1849
chartqa_train_0069,25,0.8529882431030273,1849
chartqa_train_0069,26,0.8557973504066467,1849
chartqa_train_0069,27,0.8606730103492737,1849
chartqa_train_0070,0,0.8741297721862793,3591
chartqa_train_0070,1,0.8850014209747314,3591
chartqa_train_0070,2,0.9299894571304321,3591
chartqa_train_0070,3,0.9148983955383301,3591
chartqa_train_0070,4,0.8492072820663452,3591
chartqa_train_0070,5,0.8809372782707214,3591
chartqa_train_0070,6,0.9096078276634216,3591
chartqa_train_0070,7,0.8869059681892395,3591
chartqa_train_0070,8,0.7991212010383606,3591
chartqa_train_0070,9,0.8434994220733643,3591
chartqa_train_0070,10,0.88255774974823,3591
chartqa_train_0070,11,0.8476558923721313,3591
chartqa_train_0070,12,0.8762292861938477,3591
chartqa_train_0070,13,0.892137885093689,3591
chartqa_train_0070,14,0.7310833930969238,3591
chartqa_train_0070,15,0.7677794694900513,3591
chartqa_train_0070,16,0.7230778336524963,3591
chartqa_train_0070,17,0.7982029318809509,3591
chartqa_train_0070,18,0.8202030658721924,3591
chartqa_train_0070,19,0.7327994704246521,3591
chartqa_train_0070,20,0.8134371042251587,3591
chartqa_train_0070,21,0.8047751188278198,3591
chartqa_train_0070,22,0.7284533977508545,3591
chartqa_train_0070,23,0.8327986001968384,3591
chartqa_train_0070,24,0.8581072688102722,3591
chartqa_train_0070,25,0.8240994215011597,3591
chartqa_train_0070,26,0.8221385478973389,3591
chartqa_train_0070,27,,3591
chartqa_train_0077,0,0.8848554491996765,3483
chartqa_train_0077,1,0.8918253183364868,3483
chartqa_train_0077,2,0.9276469349861145,3483
chartqa_train_0077,3,0.9187677502632141,3483
chartqa_train_0077,4,0.8815921545028687,3483
chartqa_train_0077,5,0.8844865560531616,3483
chartqa_train_0077,6,0.9219150543212891,3483
chartqa_train_0077,7,0.8829384446144104,3483
chartqa_train_0077,8,0.7301142811775208,3483
chartqa_train_0077,9,0.8578223586082458,3483
chartqa_train_0077,10,0.8757497072219849,3483
chartqa_train_0077,11,0.8608197569847107,3483
chartqa_train_0077,12,0.89152592420578,3483
chartqa_train_0077,13,0.9109280705451965,3483
chartqa_train_0077,14,0.7751530408859253,3483
chartqa_train_0077,15,0.8041484355926514,3483
chartqa_train_0077,16,0.7720075845718384,3483
chartqa_train_0077,17,0.8302692770957947,3483
chartqa_train_0077,18,0.8836204409599304,3483
chartqa_train_0077,19,0.7316944003105164,3483
chartqa_train_0077,20,0.7621793746948242,3483
chartqa_train_0077,21,0.7196234464645386,3483
chartqa_train_0077,22,0.7217322587966919,3483
chartqa_train_0077,23,0.7578319311141968,3483
chartqa_train_0077,24,0.8752998113632202,3483
chartqa_train_0077,25,0.8865926861763,3483
chartqa_train_0077,26,0.8657822012901306,3483
chartqa_train_0077,27,,3483
chartqa_train_0080,0,0.9199952483177185,1377
chartqa_train_0080,1,0.9089313745498657,1377
chartqa_train_0080,2,0.9226212501525879,1377
chartqa_train_0080,3,0.9324471354484558,1377
chartqa_train_0080,4,0.8624880313873291,1377
chartqa_train_0080,5,0.8925774693489075,1377
chartqa_train_0080,6,0.9300012588500977,1377
chartqa_train_0080,7,0.9181807041168213,1377
chartqa_train_0080,8,0.8230151534080505,1377
chartqa_train_0080,9,0.8826969861984253,1377
chartqa_train_0080,10,0.9159897565841675,1377
chartqa_train_0080,11,0.8660681843757629,1377
chartqa_train_0080,12,0.889227032661438,1377
chartqa_train_0080,13,0.9146542549133301,1377
chartqa_train_0080,14,0.7911372780799866,1377
chartqa_train_0080,15,0.818432092666626,1377
chartqa_train_0080,16,0.8205084204673767,1377
chartqa_train_0080,17,0.8243100643157959,1377
chartqa_train_0080,18,0.867592453956604,1377
chartqa_train_0080,19,0.79254150390625,1377
chartqa_train_0080,20,0.8549762964248657,1377
chartqa_train_0080,21,0.8380140066146851,1377
chartqa_train_0080,22,0.779782772064209,1377
chartqa_train_0080,23,0.8245824575424194,1377
chartqa_train_0080,24,0.9059971570968628,1377
chartqa_train_0080,25,0.8370925784111023,1377
chartqa_train_0080,26,0.8330289125442505,1377
chartqa_train_0080,27,,1377
chartqa_train_0083,0,0.9162969589233398,1849
chartqa_train_0083,1,0.9144084453582764,1849
chartqa_train_0083,2,0.9481695890426636,1849
chartqa_train_0083,3,0.9312748908996582,1849
chartqa_train_0083,4,0.8788591027259827,1849
chartqa_train_0083,5,0.8772549629211426,1849
chartqa_train_0083,6,0.8962075114250183,1849
chartqa_train_0083,7,0.8556110262870789,1849
chartqa_train_0083,8,0.8690391778945923,1849
chartqa_train_0083,9,0.7839915752410889,1849
chartqa_train_0083,10,0.877066969871521,1849
chartqa_train_0083,11,0.7962369322776794,1849
chartqa_train_0083,12,0.8589766025543213,1849
chartqa_train_0083,13,0.8558452129364014,1849
chartqa_train_0083,14,0.7397539019584656,1849
chartqa_train_0083,15,0.8609134554862976,1849
chartqa_train_0083,16,0.8564915060997009,1849
chartqa_train_0083,17,0.8724605441093445,1849
chartqa_train_0083,18,0.8677724599838257,1849
chartqa_train_0083,19,0.8272753953933716,1849
chartqa_train_0083,20,0.8874868750572205,1849
chartqa_train_0083,21,0.8537337183952332,1849
chartqa_train_0083,22,0.8401473164558411,1849
chartqa_train_0083,23,0.8759821057319641,1849
chartqa_train_0083,24,0.8660973310470581,1849
chartqa_train_0083,25,0.8706562519073486,1849
chartqa_train_0083,26,0.8225188851356506,1849
chartqa_train_0083,27,0.8498561978340149,1849
chartqa_train_0084,0,0.9062777161598206,1737
chartqa_train_0084,1,0.9071494340896606,1737
chartqa_train_0084,2,0.9380397796630859,1737
chartqa_train_0084,3,0.9370418787002563,1737
chartqa_train_0084,4,0.869420051574707,1737
chartqa_train_0084,5,0.8838781118392944,1737
chartqa_train_0084,6,0.8682699203491211,1737
chartqa_train_0084,7,0.8997801542282104,1737
chartqa_train_0084,8,0.882490336894989,1737
chartqa_train_0084,9,0.7994791269302368,1737
chartqa_train_0084,10,0.8691650032997131,1737
chartqa_train_0084,11,0.8715198040008545,1737
chartqa_train_0084,12,0.8452032208442688,1737
chartqa_train_0084,13,0.8473517894744873,1737
chartqa_train_0084,14,0.8645906448364258,1737
chartqa_train_0084,15,0.9145382642745972,1737
chartqa_train_0084,16,0.8534291386604309,1737
chartqa_train_0084,17,0.8988035917282104,1737
chartqa_train_0084,18,0.8555682301521301,1737
chartqa_train_0084,19,0.8033524751663208,1737
chartqa_train_0084,20,0.8873403072357178,1737
chartqa_train_0084,21,0.8856844902038574,1737
chartqa_train_0084,22,0.8628765940666199,1737
chartqa_train_0084,23,0.8734657764434814,1737
chartqa_train_0084,24,0.8579253554344177,1737
chartqa_train_0084,25,0.8903311491012573,1737
chartqa_train_0084,26,0.8255563974380493,1737
chartqa_train_0084,27,0.8745819926261902,1737
chartqa_train_0088,0,0.8903360366821289,3591
chartqa_train_0088,1,0.9107033610343933,3591
chartqa_train_0088,2,0.9182653427124023,3591
chartqa_train_0088,3,0.9160944819450378,3591
chartqa_train_0088,4,0.9030587673187256,3591
chartqa_train_0088,5,0.9071754813194275,3591
chartqa_train_0088,6,0.9007128477096558,3591
chartqa_train_0088,7,0.8802258372306824,3591
chartqa_train_0088,8,0.8767829537391663,3591
chartqa_train_0088,9,0.7610716223716736,3591
chartqa_train_0088,10,0.8655449748039246,3591
chartqa_train_0088,11,0.8654982447624207,3591
chartqa_train_0088,12,0.889488935470581,3591
chartqa_train_0088,13,0.8668808341026306,3591
chartqa_train_0088,14,0.868170976638794,3591
chartqa_train_0088,15,0.9187458157539368,3591
chartqa_train_0088,16,0.8728094696998596,3591
chartqa_train_0088,17,0.8900666236877441,3591
chartqa_train_0088,18,0.9024282693862915,3591
chartqa_train_0088,19,0.8405259847640991,3591
chartqa_train_0088,20,0.8803672790527344,3591
chartqa_train_0088,21,0.8618023991584778,3591
chartqa_train_0088,22,0.8283636569976807,3591
chartqa_train_0088,23,0.8593564033508301,3591
chartqa_train_0088,24,0.835224986076355,3591
chartqa_train_0088,25,0.8731396198272705,3591
chartqa_train_0088,26,0.7679893374443054,3591
chartqa_train_0088,27,,3591
chartqa_train_0093,0,0.8710212707519531,3589
chartqa_train_0093,1,0.9002079367637634,3589
chartqa_train_0093,2,0.9341669082641602,3589
chartqa_train_0093,3,0.9200172424316406,3589
chartqa_train_0093,4,0.8581358194351196,3589
chartqa_train_0093,5,0.8811560273170471,3589
chartqa_train_0093,6,0.8691045045852661,3589
chartqa_train_0093,7,0.8269103765487671,3589
chartqa_train_0093,8,0.8367276787757874,3589
chartqa_train_0093,9,0.7472953796386719,3589
chartqa_train_0093,10,0.8669986128807068,3589
chartqa_train_0093,11,0.8532216548919678,3589
chartqa_train_0093,12,0.8384200930595398,3589
chartqa_train_0093,13,0.8461865782737732,3589
chartqa_train_0093,14,0.8238057494163513,3589
chartqa_train_0093,15,0.8928532004356384,3589
chartqa_train_0093,16,0.840244472026825,3589
chartqa_train_0093,17,0.8960252404212952,3589
chartqa_train_0093,18,0.8796715140342712,3589
chartqa_train_0093,19,0.8455703854560852,3589
chartqa_train_0093,20,0.8941123485565186,3589
chartqa_train_0093,21,0.8731927275657654,3589
chartqa_train_0093,22,0.866671085357666,3589
chartqa_train_0093,23,0.8504137396812439,3589
chartqa_train_0093,24,0.8812546133995056,3589
chartqa_train_0093,25,0.8962039947509766,3589
chartqa_train_0093,26,0.8368688225746155,3589
chartqa_train_0093,27,0.8789114356040955,3589
chartqa_train_0098,0,0.8680716753005981,2709
chartqa_train_0098,1,0.8986238241195679,2709
chartqa_train_0098,2,0.9438538551330566,2709
chartqa_train_0098,3,0.9444185495376587,2709
chartqa_train_0098,4,0.8992438316345215,2709
chartqa_train_0098,5,0.888090968132019,2709
chartqa_train_0098,6,0.8836103677749634,2709
chartqa_train_0098,7,0.8788312673568726,2709
chartqa_train_0098,8,0.8375345468521118,2709
chartqa_train_0098,9,0.8401049375534058,2709
chartqa_train_0098,10,0.9054571390151978,2709
chartqa_train_0098,11,0.9103513956069946,2709
chartqa_train_0098,12,0.8905214071273804,2709
chartqa_train_0098,13,0.884964644908905,2709
chartqa_train_0098,14,0.8629400134086609,2709
chartqa_train_0098,15,0.8467971086502075,2709
chartqa_train_0098,16,0.8872121572494507,2709
chartqa_train_0098,17,0.8812307119369507,2709
chartqa_train_0098,18,0.8320834636688232,2709
chartqa_train_0098,19,0.8593329787254333,2709
chartqa_train_0098,20,0.8618754744529724,2709
chartqa_train_0098,21,0.8646530508995056,2709
chartqa_train_0098,22,0.7421002984046936,2709
chartqa_train_0098,23,0.7964840531349182,2709
chartqa_train_0098,24,0.8669133186340332,2709
chartqa_train_0098,25,0.8054201006889343,2709
chartqa_train_0098,26,0.8665828704833984,2709
chartqa_train_0098,27,,2709
chartqa_train_0100,0,0.9237834215164185,1793
chartqa_train_0100,1,0.9089137315750122,1793
chartqa_train_0100,2,0.9448549151420593,1793
chartqa_train_0100,3,0.9442597031593323,1793
chartqa_train_0100,4,0.8432468175888062,1793
chartqa_train_0100,5,0.8872964382171631,1793
chartqa_train_0100,6,0.9166563749313354,1793
chartqa_train_0100,7,0.9036501049995422,1793
chartqa_train_0100,8,0.8358520269393921,1793
chartqa_train_0100,9,0.8451109528541565,1793
chartqa_train_0100,10,0.8989489674568176,1793
chartqa_train_0100,11,0.8533031344413757,1793
chartqa_train_0100,12,0.8695108890533447,1793
chartqa_train_0100,13,0.8877886533737183,1793
chartqa_train_0100,14,0.7995460629463196,1793
chartqa_train_0100,15,0.839722216129303,1793
chartqa_train_0100,16,0.8061708807945251,1793
chartqa_train_0100,17,0.818296492099762,1793
chartqa_train_0100,18,0.8543636798858643,1793
chartqa_train_0100,19,0.7270174622535706,1793
chartqa_train_0100,20,0.8327469229698181,1793
chartqa_train_0100,21,0.7994246482849121,1793
chartqa_train_0100,22,0.7245802879333496,1793
chartqa_train_0100,23,0.7892544269561768,1793
chartqa_train_0100,24,0.8628772497177124,1793
chartqa_train_0100,25,0.8220252990722656,1793
chartqa_train_0100,26,0.8355673551559448,1793
chartqa_train_0100,27,,1793
chartqa_train_0101,0,0.9186726212501526,1793
chartqa_train_0101,1,0.9133991003036499,1793
chartqa_train_0101,2,0.9407473206520081,1793
chartqa_train_0101,3,0.9383330345153809,1793
chartqa_train_0101,4,0.8563967347145081,1793
chartqa_train_0101,5,0.8931084871292114,1793
chartqa_train_0101,6,0.869646430015564,1793
chartqa_train_0101,7,0.8732442855834961,1793
chartqa_train_0101,8,0.8607230186462402,1793
chartqa_train_0101,9,0.7778244614601135,1793
chartqa_train_0101,10,0.8557129502296448,1793
chartqa_train_0101,11,0.8420767188072205,1793
chartqa_train_0101,12,0.8362187743186951,1793
chartqa_train_0101,13,0.8537440299987793,1793
chartqa_train_0101,14,0.8581588864326477,1793
chartqa_train_0101,15,0.8989584445953369,1793
chartqa_train_0101,16,0.848339319229126,1793
chartqa_train_0101,17,0.895980179309845,1793
chartqa_train_0101,18,0.8334704041481018,1793
chartqa_train_0101,19,0.8203639984130859,1793
chartqa_train_0101,20,0.8861250281333923,1793
chartqa_train_0101,21,0.8277530074119568,1793
chartqa_train_0101,22,0.8593883514404297,1793
chartqa_train_0101,23,0.8360285758972168,1793
chartqa_train_0101,24,0.8657699227333069,1793
chartqa_train_0101,25,0.9017955660820007,1793
chartqa_train_0101,26,0.835679829120636,1793
chartqa_train_0101,27,0.8732472062110901,1793
chartqa_train_0103,0,0.9220481514930725,1793
chartqa_train_0103,1,0.9205060601234436,1793
chartqa_train_0103,2,0.9403776526451111,1793
chartqa_train_0103,3,0.9386327862739563,1793
chartqa_train_0103,4,0.8359179496765137,1793
chartqa_train_0103,5,0.8608312606811523,1793
chartqa_train_0103,6,0.8835825324058533,1793
chartqa_train_0103,7,0.8486741781234741,1793
chartqa_train_0103,8,0.848865807056427,1793
chartqa_train_0103,9,0.7704044580459595,1793
chartqa_train_0103,10,0.8671153783798218,1793
chartqa_train_0103,11,0.8604145050048828,1793
chartqa_train_0103,12,0.8404363393783569,1793
chartqa_train_0103,13,0.8394378423690796,1793
chartqa_train_0103,14,0.75966876745224,1793
chartqa_train_0103,15,0.8833821415901184,1793
chartqa_train_0103,16,0.8375157117843628,1793
chartqa_train_0103,17,0.8046256899833679,1793
chartqa_train_0103,18,0.8372883200645447,1793
chartqa_train_0103,19,0.819202721118927,1793
chartqa_train_0103,20,0.8265079855918884,1793
chartqa_train_0103,21,0.8275998830795288,1793
chartqa_train_0103,22,0.8019474744796753,1793
chartqa_train_0103,23,0.8107274174690247,1793
chartqa_train_0103,24,0.8565793037414551,1793
chartqa_train_0103,25,0.8590652346611023,1793
chartqa_train_0103,26,0.8075922727584839,1793
chartqa_train_0103,27,0.8563603758811951,1793
chartqa_train_0105,0,0.8969061374664307,3267
chartqa_train_0105,1,0.8984087109565735,3267
chartqa_train_0105,2,0.9284413456916809,3267
chartqa_train_0105,3,0.9134575724601746,3267
chartqa_train_0105,4,0.8982312679290771,3267
chartqa_train_0105,5,0.831779956817627,3267
chartqa_train_0105,6,0.9152559041976929,3267
chartqa_train_0105,7,0.8455786108970642,3267
chartqa_train_0105,8,0.7151150703430176,3267
chartqa_train_0105,9,0.8115595579147339,3267
chartqa_train_0105,10,0.8523120880126953,3267
chartqa_train_0105,11,0.8010048270225525,3267
chartqa_train_0105,12,0.8043202757835388,3267
chartqa_train_0105,13,0.8213467597961426,3267
chartqa_train_0105,14,0.6451553702354431,3267
chartqa_train_0105,15,0.7603734135627747,3267
chartqa_train_0105,16,0.7362353205680847,3267
chartqa_train_0105,17,0.7306008338928223,3267
chartqa_train_0105,18,0.8405429720878601,3267
chartqa_train_0105,19,0.6416417956352234,3267
chartqa_train_0105,20,0.686535120010376,3267
chartqa_train_0105,21,0.5925183892250061,3267
chartqa_train_0105,22,0.6274762749671936,3267
chartqa_train_0105,23,0.7717717289924622,3267
chartqa_train_0105,24,0.8824507594108582,3267
chartqa_train_0105,25,0.8456138968467712,3267
chartqa_train_0105,26,0.8237599730491638,3267
chartqa_train_0105,27,0.8612821698188782,3267
chartqa_train_0108,0,0.892062246799469,3479
chartqa_train_0108,1,0.900928258895874,3479
chartqa_train_0108,2,0.9407705664634705,3479
chartqa_train_0108,3,0.9207127690315247,3479
chartqa_train_0108,4,0.8880854845046997,3479
chartqa_train_0108,5,0.8721573948860168,3479
chartqa_train_0108,6,0.9056231379508972,3479
chartqa_train_0108,7,0.8756186962127686,3479
chartqa_train_0108,8,0.7661445736885071,3479
chartqa_train_0108,9,0.8169298768043518,3479
chartqa_train_0108,10,0.8761667609214783,3479
chartqa_train_0108,11,0.833577573299408,3479
chartqa_train_0108,12,0.8860306739807129,3479
chartqa_train_0108,13,0.8880094885826111,3479
chartqa_train_0108,14,0.7374973297119141,3479
chartqa_train_0108,15,0.7156651020050049,3479
chartqa_train_0108,16,0.7869099974632263,3479
chartqa_train_0108,17,0.8436554074287415,3479
chartqa_train_0108,18,0.8350000977516174,3479
chartqa_train_0108,19,0.7892845869064331,3479
chartqa_train_0108,20,0.7774839997291565,3479
chartqa_train_0108,21,0.7440486550331116,3479
chartqa_train_0108,22,0.6885635256767273,3479
chartqa_train_0108,23,0.7854282259941101,3479
chartqa_train_0108,24,0.8820779919624329,3479
chartqa_train_0108,25,0.8208606243133545,3479
chartqa_train_0108,26,0.7425624132156372,3479
chartqa_train_0108,27,0.872374951839447,3479
chartqa_train_0109,0,0.8871189951896667,3479
chartqa_train_0109,1,0.8993075489997864,3479
chartqa_train_0109,2,0.9422891736030579,3479
chartqa_train_0109,3,0.9316964745521545,3479
chartqa_train_0109,4,0.9161999821662903,3479
chartqa_train_0109,5,0.8993504643440247,3479
chartqa_train_0109,6,0.9068096876144409,3479
chartqa_train_0109,7,0.8866180777549744,3479
chartqa_train_0109,8,0.8759763240814209,3479
chartqa_train_0109,9,0.8535191416740417,3479
chartqa_train_0109,10,0.8930705189704895,3479
chartqa_train_0109,11,0.8573914766311646,3479
chartqa_train_0109,12,0.9008135795593262,3479
chartqa_train_0109,13,0.8578311204910278,3479
chartqa_train_0109,14,0.8710480332374573,3479
chartqa_train_0109,15,0.8971719145774841,3479
chartqa_train_0109,16,0.870208740234375,3479
chartqa_train_0109,17,0.8853245377540588,3479
chartqa_train_0109,18,0.8596402406692505,3479
chartqa_train_0109,19,0.8684099912643433,3479
chartqa_train_0109,20,0.8690855503082275,3479
chartqa_train_0109,21,0.8019095063209534,3479
chartqa_train_0109,22,0.811209499835968,3479
chartqa_train_0109,23,0.8162692785263062,3479
chartqa_train_0109,24,0.9000502228736877,3479
chartqa_train_0109,25,0.8832855820655823,3479
chartqa_train_0109,26,0.8597813844680786,3479
chartqa_train_0109,27,0.889244556427002,3479
chartqa_train_0115,0,0.8736192584037781,5184
chartqa_train_0115,1,0.8812630772590637,5184
chartqa_train_0115,2,0.920751690864563,5184
chartqa_train_0115,3,0.8876485228538513,5184
chartqa_train_0115,4,0.8212330341339111,5184
chartqa_train_0115,5,0.8679019212722778,5184
chartqa_train_0115,6,0.8969215750694275,5184
chartqa_train_0115,7,0.8575706481933594,5184
chartqa_train_0115,8,0.784328043460846,5184
chartqa_train_0115,9,0.8298117518424988,5184
chartqa_train_0115,10,0.8763260841369629,5184
chartqa_train_0115,11,0.8626914620399475,5184
chartqa_train_0115,12,0.8753940463066101,5184
chartqa_train_0115,13,0.8039336204528809,5184
chartqa_train_0115,14,0.7945548295974731,5184
chartqa_train_0115,15,0.921593427658081,5184
chartqa_train_0115,16,0.7848497033119202,5184
chartqa_train_0115,17,0.8488513231277466,5184
chartqa_train_0115,18,0.8574751615524292,5184
chartqa_train_0115,19,0.8433048725128174,5184
chartqa_train_0115,20,0.8722391128540039,5184
chartqa_train_0115,21,0.781499981880188,5184
chartqa_train_0115,22,0.7827184200286865,5184
chartqa_train_0115,23,0.8304562568664551,5184
chartqa_train_0115,24,0.8709533214569092,5184
chartqa_train_0115,25,0.8746392130851746,5184
chartqa_train_0115,26,0.835564911365509,5184
chartqa_train_0115,27,0.862040102481842,5184
chartqa_train_0116,0,0.9185065031051636,1485
chartqa_train_0116,1,0.906956672668457,1485
chartqa_train_0116,2,0.9136075377464294,1485
chartqa_train_0116,3,0.9193341732025146,1485
chartqa_train_0116,4,0.8678949475288391,1485
chartqa_train_0116,5,0.8939521312713623,1485
chartqa_train_0116,6,0.9126212000846863,1485
chartqa_train_0116,7,0.9072275757789612,1485
chartqa_train_0116,8,0.8497617244720459,1485
chartqa_train_0116,9,0.8813649415969849,1485
chartqa_train_0116,10,0.9165506362915039,1485
chartqa_train_0116,11,0.8820391297340393,1485
chartqa_train_0116,12,0.8879958987236023,1485
chartqa_train_0116,13,0.9163646697998047,1485
chartqa_train_0116,14,0.8126060962677002,1485
chartqa_train_0116,15,0.8550657033920288,1485
chartqa_train_0116,16,0.8265117406845093,1485
chartqa_train_0116,17,0.8650683760643005,1485
chartqa_train_0116,18,0.8605667948722839,1485
chartqa_train_0116,19,0.8271510601043701,1485
chartqa_train_0116,20,0.805685818195343,1485
chartqa_train_0116,21,0.8621111512184143,1485
chartqa_train_0116,22,0.7422001361846924,1485
chartqa_train_0116,23,0.7975618243217468,1485
chartqa_train_0116,24,0.873558521270752,1485
chartqa_train_0116,25,0.8351346254348755,1485
chartqa_train_0116,26,0.8823075890541077,1485
chartqa_train_0116,27,,1485
chartqa_train_0117,0,0.9121376276016235,1485
chartqa_train_0117,1,0.9024384021759033,1485
chartqa_train_0117,2,0.8951665163040161,1485
chartqa_train_0117,3,0.8983256220817566,1485
chartqa_train_0117,4,0.834341824054718,1485
chartqa_train_0117,5,0.8869220018386841,1485
chartqa_train_0117,6,0.8732628226280212,1485
chartqa_train_0117,7,0.8835889101028442,1485
chartqa_train_0117,8,0.8590904474258423,1485
chartqa_train_0117,9,0.8251799941062927,1485
chartqa_train_0117,10,0.8775508999824524,1485
chartqa_train_0117,11,0.8647109866142273,1485
chartqa_train_0117,12,0.8525809049606323,1485
chartqa_train_0117,13,0.8789395093917847,1485
chartqa_train_0117,14,0.8236913681030273,1485
chartqa_train_0117,15,0.8994669318199158,1485
chartqa_train_0117,16,0.8555048108100891,1485
chartqa_train_0117,17,0.8864434361457825,1485
chartqa_train_0117,18,0.9027525782585144,1485
chartqa_train_0117,19,0.867621660232544,1485
chartqa_train_0117,20,0.8725732564926147,1485
chartqa_train_0117,21,0.8894057273864746,1485
chartqa_train_0117,22,0.8739535808563232,1485
chartqa_train_0117,23,0.858635663986206,1485
chartqa_train_0117,24,0.9019633531570435,1485
chartqa_train_0117,25,0.894446074962616,1485
chartqa_train_0117,26,0.8600042462348938,1485
chartqa_train_0117,27,0.8956531882286072,1485
chartqa_train_0118,0,0.9156388640403748,1566
chartqa_train_0118,1,0.9099889993667603,1566
chartqa_train_0118,2,0.9383865594863892,1566
chartqa_train_0118,3,0.9379289150238037,1566
chartqa_train_0118,4,0.8538563251495361,1566
chartqa_train_0118,5,0.9026251435279846,1566
chartqa_train_0118,6,0.9182609915733337,1566
chartqa_train_0118,7,0.8997104167938232,1566
chartqa_train_0118,8,0.8271788954734802,1566
chartqa_train_0118,9,0.8796684741973877,1566
chartqa_train_0118,10,0.9192260503768921,1566
chartqa_train_0118,11,0.8544690608978271,1566
chartqa_train_0118,12,0.8814606070518494,1566
chartqa_train_0118,13,0.9169557690620422,1566
chartqa_train_0118,14,0.8082955479621887,1566
chartqa_train_0118,15,0.8159468173980713,1566
chartqa_train_0118,16,0.8030880689620972,1566
chartqa_train_0118,17,0.8275222778320312,1566
chartqa_train_0118,18,0.8204697966575623,1566
chartqa_train_0118,19,0.7697746753692627,1566
chartqa_train_0118,20,0.7763832807540894,1566
chartqa_train_0118,21,0.7765632271766663,1566
chartqa_train_0118,22,0.7133498191833496,1566
chartqa_train_0118,23,0.7537111639976501,1566
chartqa_train_0118,24,0.8023935556411743,1566
chartqa_train_0118,25,0.8196004033088684,1566
chartqa_train_0118,26,0.8586348295211792,1566
chartqa_train_0118,27,,1566
chartqa_train_0119,0,0.9051657319068909,1566
chartqa_train_0119,1,0.9087274670600891,1566
chartqa_train_0119,2,0.9221959710121155,1566
chartqa_train_0119,3,0.9209173917770386,1566
chartqa_train_0119,4,0.8663024306297302,1566
chartqa_train_0119,5,0.8932873010635376,1566
chartqa_train_0119,6,0.901745080947876,1566
chartqa_train_0119,7,0.8848336935043335,1566
chartqa_train_0119,8,0.892795205116272,1566
chartqa_train_0119,9,0.8305711150169373,1566
chartqa_train_0119,10,0.900119960308075,1566
chartqa_train_0119,11,0.87846839427948,1566
chartqa_train_0119,12,0.8669398427009583,1566
chartqa_train_0119,13,0.8742094039916992,1566
chartqa_train_0119,14,0.8424106240272522,1566
chartqa_train_0119,15,0.9013364911079407,1566
chartqa_train_0119,16,0.8956396579742432,1566
chartqa_train_0119,17,0.9058135151863098,1566
chartqa_train_0119,18,0.8923782706260681,1566
chartqa_train_0119,19,0.8530494570732117,1566
chartqa_train_0119,20,0.8797750473022461,1566
chartqa_train_0119,21,0.8733521103858948,1566
chartqa_train_0119,22,0.8680151700973511,1566
chartqa_train_0119,23,0.8566635251045227,1566
chartqa_train_0119,24,0.8806401491165161,1566
chartqa_train_0119,25,0.8887706995010376,1566
chartqa_train_0119,26,0.8435686230659485,1566
chartqa_train_0119,27,0.8637257218360901,1566
chartqa_train_0121,0,0.928971529006958,1161
chartqa_train_0121,1,0.9116207957267761,1161
chartqa_train_0121,2,0.9460449814796448,1161
chartqa_train_0121,3,0.9454509615898132,1161
chartqa_train_0121,4,0.8788551688194275,1161
chartqa_train_0121,5,0.8762290477752686,1161
chartqa_train_0121,6,0.9020508527755737,1161
chartqa_train_0121,7,0.9032119512557983,1161
chartqa_train_0121,8,0.7927589416503906,1161
chartqa_train_0121,9,0.846182107925415,1161
chartqa_train_0121,10,0.9100469946861267,1161
chartqa_train_0121,11,0.8371951580047607,1161
chartqa_train_0121,12,0.8702451586723328,1161
chartqa_train_0121,13,0.8670312166213989,1161
chartqa_train_0121,14,0.7536541223526001,1161
chartqa_train_0121,15,0.8494272828102112,1161
chartqa_train_0121,16,0.8091580867767334,1161
chartqa_train_0121,17,0.8295451998710632,1161
chartqa_train_0121,18,0.8432084918022156,1161
chartqa_train_0121,19,0.7385349869728088,1161
chartqa_train_0121,20,0.7446550726890564,1161
chartqa_train_0121,21,0.8259766101837158,1161
chartqa_train_0121,22,0.6941514015197754,1161
chartqa_train_0121,23,0.7915807366371155,1161
chartqa_train_0121,24,0.883491039276123,1161
chartqa_train_0121,25,0.8802515864372253,1161
chartqa_train_0121,26,0.866051971912384,1161
chartqa_train_0121,27,0.9013517498970032,1161
chartqa_train_0125,0,0.9310293793678284,1377
chartqa_train_0125,1,0.910112738609314,1377
chartqa_train_0125,2,0.9224292039871216,1377
chartqa_train_0125,3,0.9221166968345642,1377
chartqa_train_0125,4,0.8822743892669678,1377
chartqa_train_0125,5,0.9001429677009583,1377
chartqa_train_0125,6,0.912796139717102,1377
chartqa_train_0125,7,0.9191102385520935,1377
chartqa_train_0125,8,0.8810217380523682,1377
chartqa_train_0125,9,0.8885546326637268,1377
chartqa_train_0125,10,0.9354897737503052,1377
chartqa_train_0125,11,0.8869388699531555,1377
chartqa_train_0125,12,0.9068688154220581,1377
chartqa_train_0125,13,0.9210057258605957,1377
chartqa_train_0125,14,0.8025766611099243,1377
chartqa_train_0125,15,0.799075186252594,1377
chartqa_train_0125,16,0.8173816204071045,1377
chartqa_train_0125,17,0.8550381064414978,1377
chartqa_train_0125,18,0.8810853958129883,1377
chartqa_train_0125,19,0.8271304965019226,1377
chartqa_train_0125,20,0.8422330021858215,1377
chartqa_train_0125,21,0.8216365575790405,1377
chartqa_train_0125,22,0.7436460852622986,1377
chartqa_train_0125,23,0.7944871187210083,1377
chartqa_train_0125,24,0.9042688608169556,1377
chartqa_train_0125,25,0.8811882734298706,1377
chartqa_train_0125,26,0.8655665516853333,1377
chartqa_train_0125,27,0.8976172804832458,1377
chartqa_train_0126,0,0.9184737205505371,1431
chartqa_train_0126,1,0.9197817444801331,1431
chartqa_train_0126,2,0.8932587504386902,1431
chartqa_train_0126,3,0.9121919274330139,1431
chartqa_train_0126,4,0.9161447882652283,1431
chartqa_train_0126,5,0.930273175239563,1431
chartqa_train_0126,6,0.9035826325416565,1431
chartqa_train_0126,7,0.9052400588989258,1431
chartqa_train_0126,8,0.9012728333473206,1431
chartqa_train_0126,9,0.8174021244049072,1431
chartqa_train_0126,10,0.9001536965370178,1431
chartqa_train_0126,11,0.8886260986328125,1431
chartqa_train_0126,12,0.9039156436920166,1431
chartqa_train_0126,13,0.8735085129737854,1431
chartqa_train_0126,14,0.8959868550300598,1431
chartqa_train_0126,15,0.9126314520835876,1431
chartqa_train_0126,16,0.8857043981552124,1431
chartqa_train_0126,17,0.9180765151977539,1431
chartqa_train_0126,18,0.8924568891525269,1431
chartqa_train_0126,19,0.8610594272613525,1431
chartqa_train_0126,20,0.9089993238449097,1431
chartqa_train_0126,21,0.886576771736145,1431
chartqa_train_0126,22,0.8597592115402222,1431
chartqa_train_0126,23,0.8835412263870239,1431
chartqa_train_0126,24,0.8658885955810547,1431
chartqa_train_0126,25,0.8984396457672119,1431
chartqa_train_0126,26,0.8107649683952332,1431
chartqa_train_0126,27,,1431
chartqa_train_0127,0,0.9340100288391113,1431
chartqa_train_0127,1,0.9160259366035461,1431
chartqa_train_0127,2,0.9164146780967712,1431
chartqa_train_0127,3,0.9178031086921692,1431
chartqa_train_0127,4,0.8987491130828857,1431
chartqa_train_0127,5,0.9079840183258057,1431
chartqa_train_0127,6,0.9320554733276367,1431
chartqa_train_0127,7,0.9121930599212646,1431
chartqa_train_0127,8,0.8902809619903564,1431
chartqa_train_0127,9,0.8903893828392029,1431
chartqa_train_0127,10,0.9179625511169434,1431
chartqa_train_0127,11,0.7955788969993591,1431
chartqa_train_0127,12,0.8734781742095947,1431
chartqa_train_0127,13,0.8457759022712708,1431
chartqa_train_0127,14,0.7397720217704773,1431
chartqa_train_0127,15,0.799988329410553,1431
chartqa_train_0127,16,0.7336429357528687,1431
chartqa_train_0127,17,0.719279944896698,1431
chartqa_train_0127,18,0.7751874923706055,1431
chartqa_train_0127,19,0.7242547273635864,1431
chartqa_train_0127,20,0.7575317025184631,1431
chartqa_train_0127,21,0.7103288173675537,1431
chartqa_train_0127,22,0.7019025683403015,1431
chartqa_train_0127,23,0.7259687185287476,1431
chartqa_train_0127,24,0.8770681619644165,1431
chartqa_train_0127,25,0.8533338904380798,1431
chartqa_train_0127,26,0.8393990397453308,1431
chartqa_train_0127,27,0.8591006398200989,1431
chartqa_train_0129,0,0.9222132563591003,1377
chartqa_train_0129,1,0.8988294005393982,1377
chartqa_train_0129,2,0.9090458750724792,1377
chartqa_train_0129,3,0.9069932699203491,1377
chartqa_train_0129,4,0.8576050996780396,1377
chartqa_train_0129,5,0.8931020498275757,1377
chartqa_train_0129,6,0.9266149997711182,1377
chartqa_train_0129,7,0.8964715600013733,1377
chartqa_train_0129,8,0.7949447631835938,1377
chartqa_train_0129,9,0.8662396669387817,1377
chartqa_train_0129,10,0.9191985726356506,1377
chartqa_train_0129,11,0.8154876828193665,1377
chartqa_train_0129,12,0.861104428768158,1377
chartqa_train_0129,13,0.8679196834564209,1377
chartqa_train_0129,14,0.7281178832054138,1377
chartqa_train_0129,15,0.8206653594970703,1377
chartqa_train_0129,16,0.7851826548576355,1377
chartqa_train_0129,17,0.823230504989624,1377
chartqa_train_0129,18,0.7960253357887268,1377
chartqa_train_0129,19,0.8035943508148193,1377
chartqa_train_0129,20,0.8224595189094543,1377
chartqa_train_0129,21,0.7256952524185181,1377
chartqa_train_0129,22,0.7287245392799377,1377
chartqa_train_0129,23,0.7635748386383057,1377
chartqa_train_0129,24,0.870171070098877,1377
chartqa_train_0129,25,0.8410614728927612,1377
chartqa_train_0129,26,0.8608619570732117,1377
chartqa_train_0129,27,0.869068443775177,1377
chartqa_train_0130,0,0.9006362557411194,1566
chartqa_train_0130,1,0.9010322093963623,1566
chartqa_train_0130,2,0.9303911924362183,1566
chartqa_train_0130,3,0.9176554679870605,1566
chartqa_train_0130,4,0.8593607544898987,1566
chartqa_train_0130,5,0.9187147617340088,1566
chartqa_train_0130,6,0.8864961266517639,1566
chartqa_train_0130,7,0.9023871421813965,1566
chartqa_train_0130,8,0.8738247752189636,1566
chartqa_train_0130,9,0.8741605281829834,1566
chartqa_train_0130,10,0.9006883502006531,1566
chartqa_train_0130,11,0.9173589944839478,1566
chartqa_train_0130,12,0.9250333309173584,1566
chartqa_train_0130,13,0.9399610757827759,1566
chartqa_train_0130,14,0.8811579346656799,1566
chartqa_train_0130,15,0.8392075896263123,1566
chartqa_train_0130,16,0.7988967895507812,1566
chartqa_train_0130,17,0.8539309501647949,1566
chartqa_train_0130,18,0.9057583808898926,1566
chartqa_train_0130,19,0.7675162553787231,1566
chartqa_train_0130,20,0.8528804779052734,1566
chartqa_train_0130,21,0.7997962236404419,1566
chartqa_train_0130,22,0.7009790539741516,1566
chartqa_train_0130,23,0.7519456148147583,1566
chartqa_train_0130,24,0.8079214692115784,1566
chartqa_train_0130,25,0.7573671340942383,1566
chartqa_train_0130,26,0.8246111869812012,1566
chartqa_train_0130,27,,1566
chartqa_train_0131,0,0.9052932858467102,1566
chartqa_train_0131,1,0.9091005325317383,1566
chartqa_train_0131,2,0.9182848930358887,1566
chartqa_train_0131,3,0.9202765822410583,1566
chartqa_train_0131,4,0.8618316650390625,1566
chartqa_train_0131,5,0.9035175442695618,1566
chartqa_train_0131,6,0.8566317558288574,1566
chartqa_train_0131,7,0.8562843203544617,1566
chartqa_train_0131,8,0.8826854825019836,1566
chartqa_train_0131,9,0.8249715566635132,1566
chartqa_train_0131,10,0.8884851336479187,1566
chartqa_train_0131,11,0.8706825375556946,1566
chartqa_train_0131,12,0.8294441103935242,1566
chartqa_train_0131,13,0.8295349478721619,1566
chartqa_train_0131,14,0.849696695804596,1566
chartqa_train_0131,15,0.8950767517089844,1566
chartqa_train_0131,16,0.868317723274231,1566
chartqa_train_0131,17,0.8789998292922974,1566
chartqa_train_0131,18,0.8751581311225891,1566
chartqa_train_0131,19,0.8784091472625732,1566
chartqa_train_0131,20,0.8798412084579468,1566
chartqa_train_0131,21,0.8730267882347107,1566
chartqa_train_0131,22,0.8557782769203186,1566
chartqa_train_0131,23,0.8626462817192078,1566
chartqa_train_0131,24,0.9081441760063171,1566
chartqa_train_0131,25,0.9000974297523499,1566
chartqa_train_0131,26,0.8820314407348633,1566
chartqa_train_0131,27,0.8900256156921387,1566
chartqa_train_0134,0,0.9243300557136536,1737
chartqa_train_0134,1,0.9154636263847351,1737
chartqa_train_0134,2,0.9329892992973328,1737
chartqa_train_0134,3,0.9321516156196594,1737
chartqa_train_0134,4,0.830548882484436,1737
chartqa_train_0134,5,0.8632235527038574,1737
chartqa_train_0134,6,0.8602636456489563,1737
chartqa_train_0134,7,0.8417056798934937,1737
chartqa_train_0134,8,0.857196033000946,1737
chartqa_train_0134,9,0.7733948826789856,1737
chartqa_train_0134,10,0.8584485650062561,1737
chartqa_train_0134,11,0.8114204406738281,1737
chartqa_train_0134,12,0.841320812702179,1737
chartqa_train_0134,13,0.852432370185852,1737
chartqa_train_0134,14,0.7804558873176575,1737
chartqa_train_0134,15,0.8616043329238892,1737
chartqa_train_0134,16,0.8310648798942566,1737
chartqa_train_0134,17,0.848098874092102,1737
chartqa_train_0134,18,0.8683982491493225,1737
chartqa_train_0134,19,0.8301662802696228,1737
chartqa_train_0134,20,0.833000898361206,1737
chartqa_train_0134,21,0.8660721182823181,1737
chartqa_train_0134,22,0.844825267791748,1737
chartqa_train_0134,23,0.843593955039978,1737
chartqa_train_0134,24,0.8847140669822693,1737
chartqa_train_0134,25,0.8632485270500183,1737
chartqa_train_0134,26,0.8457114100456238,1737
chartqa_train_0134,27,0.8681002855300903,1737
chartqa_train_0135,0,0.9371398687362671,1737
chartqa_train_0135,1,0.9179786443710327,1737
chartqa_train_0135,2,0.936429500579834,1737
chartqa_train_0135,3,0.9460211992263794,1737
chartqa_train_0135,4,0.8942981362342834,1737
chartqa_train_0135,5,0.9169826507568359,1737
chartqa_train_0135,6,0.9061338901519775,1737
chartqa_train_0135,7,0.854171872138977,1737
chartqa_train_0135,8,0.8526180982589722,1737
chartqa_train_0135,9,0.7116827964782715,1737
chartqa_train_0135,10,0.8976072669029236,1737
chartqa_train_0135,11,0.872887372970581,1737
chartqa_train_0135,12,0.8697904348373413,1737
chartqa_train_0135,13,0.8354904055595398,1737
chartqa_train_0135,14,0.819845974445343,1737
chartqa_train_0135,15,0.8489359021186829,1737
chartqa_train_0135,16,0.8518017530441284,1737
chartqa_train_0135,17,0.8933550715446472,1737
chartqa_train_0135,18,0.8982881903648376,1737
chartqa_train_0135,19,0.8334194421768188,1737
chartqa_train_0135,20,0.8640798330307007,1737
chartqa_train_0135,21,0.7839897274971008,1737
chartqa_train_0135,22,0.8164715766906738,1737
chartqa_train_0135,23,0.8213863372802734,1737
chartqa_train_0135,24,0.8881313800811768,1737
chartqa_train_0135,25,0.906856894493103,1737
chartqa_train_0135,26,0.8724581599235535,1737
chartqa_train_0135,27,0.8750397562980652,1737
chartqa_train_0136,0,0.9096954464912415,1377
chartqa_train_0136,1,0.9025908708572388,1377
chartqa_train_0136,2,0.8810138702392578,1377
chartqa_train_0136,3,0.89510577917099,1377
chartqa_train_0136,4,0.8716812133789062,1377
chartqa_train_0136,5,0.8923817873001099,1377
chartqa_train_0136,6,0.8818743228912354,1377
chartqa_train_0136,7,0.8815304636955261,1377
chartqa_train_0136,8,0.8844631910324097,1377
chartqa_train_0136,9,0.7927494645118713,1377
chartqa_train_0136,10,0.8825615644454956,1377
chartqa_train_0136,11,0.8168818950653076,1377
chartqa_train_0136,12,0.8752725124359131,1377
chartqa_train_0136,13,0.8407326936721802,1377
chartqa_train_0136,14,0.8306710124015808,1377
chartqa_train_0136,15,0.9097338914871216,1377
chartqa_train_0136,16,0.867732584476471,1377
chartqa_train_0136,17,0.9075770974159241,1377
chartqa_train_0136,18,0.8955398797988892,1377
chartqa_train_0136,19,0.8654651045799255,1377
chartqa_train_0136,20,0.8913604617118835,1377
chartqa_train_0136,21,0.8857079148292542,1377
chartqa_train_0136,22,0.8791999816894531,1377
chartqa_train_0136,23,0.8642334938049316,1377
chartqa_train_0136,24,0.8876428008079529,1377
chartqa_train_0136,25,0.8655507564544678,1377
chartqa_train_0136,26,0.8484920263290405,1377
chartqa_train_0136,27,0.8693975806236267,1377
chartqa_train_0137,0,0.9096513986587524,1377
chartqa_train_0137,1,0.9001184701919556,1377
chartqa_train_0137,2,0.886178731918335,1377
chartqa_train_0137,3,0.899662435054779,1377
chartqa_train_0137,4,0.8873414397239685,1377
chartqa_train_0137,5,0.8822461366653442,1377
chartqa_train_0137,6,0.8845773935317993,1377
chartqa_train_0137,7,0.8345372080802917,1377
chartqa_train_0137,8,0.8743516802787781,1377
chartqa_train_0137,9,0.7916224002838135,1377
chartqa_train_0137,10,0.8740168809890747,1377
chartqa_train_0137,11,0.8224804997444153,1377
chartqa_train_0137,12,0.8613700866699219,1377
chartqa_train_0137,13,0.8199622631072998,1377
chartqa_train_0137,14,0.8376626372337341,1377
chartqa_train_0137,15,0.8946294188499451,1377
chartqa_train_0137,16,0.8679507374763489,1377
chartqa_train_0137,17,0.9044765830039978,1377
chartqa_train_0137,18,0.8780831694602966,1377
chartqa_train_0137,19,0.8141754269599915,1377
chartqa_train_0137,20,0.9029525518417358,1377
chartqa_train_0137,21,0.827460765838623,1377
chartqa_train_0137,22,0.8654965758323669,1377
chartqa_train_0137,23,0.8422454595565796,1377
chartqa_train_0137,24,0.8671576380729675,1377
chartqa_train_0137,25,0.8840429186820984,1377
chartqa_train_0137,26,0.8371127843856812,1377
chartqa_train_0137,27,0.858660876750946,1377
chartqa_train_0139,0,0.9098329544067383,1431
chartqa_train_0139,1,0.9025084376335144,1431
chartqa_train_0139,2,0.8975726962089539,1431
chartqa_train_0139,3,0.9108980894088745,1431
chartqa_train_0139,4,0.8700674772262573,1431
chartqa_train_0139,5,0.8989323973655701,1431
chartqa_train_0139,6,0.8914321064949036,1431
chartqa_train_0139,7,0.8732954263687134,1431
chartqa_train_0139,8,0.8844037652015686,1431
chartqa_train_0139,9,0.8223336935043335,1431
chartqa_train_0139,10,0.8795782923698425,1431
chartqa_train_0139,11,0.8816789388656616,1431
chartqa_train_0139,12,0.8495323657989502,1431
chartqa_train_0139,13,0.8692275285720825,1431
chartqa_train_0139,14,0.8156052231788635,1431
chartqa_train_0139,15,0.9034327864646912,1431
chartqa_train_0139,16,0.8725519180297852,1431
chartqa_train_0139,17,0.8951454758644104,1431
chartqa_train_0139,18,0.8836494088172913,1431
chartqa_train_0139,19,0.847226619720459,1431
chartqa_train_0139,20,0.899761438369751,1431
chartqa_train_0139,21,0.8611874580383301,1431
chartqa_train_0139,22,0.8717150092124939,1431
chartqa_train_0139,23,0.875722348690033,1431
chartqa_train_0139,24,0.8880917429924011,1431
chartqa_train_0139,25,0.8921958804130554,1431
chartqa_train_0139,26,0.848739504814148,1431
chartqa_train_0139,27,0.8751775622367859,1431
chartqa_train_0142,0,0.8943055272102356,1674
chartqa_train_0142,1,0.8949704766273499,1674
chartqa_train_0142,2,0.9278100728988647,1674
chartqa_train_0142,3,0.9262856841087341,1674
chartqa_train_0142,4,0.782926619052887,1674
chartqa_train_0142,5,0.8846811652183533,1674
chartqa_train_0142,6,0.917661726474762,1674
chartqa_train_0142,7,0.8825154900550842,1674
chartqa_train_0142,8,0.7458418607711792,1674
chartqa_train_0142,9,0.8764612674713135,1674
chartqa_train_0142,10,0.9061376452445984,1674
chartqa_train_0142,11,0.8490554690361023,1674
chartqa_train_0142,12,0.8784745931625366,1674
chartqa_train_0142,13,0.866155207157135,1674
chartqa_train_0142,14,0.7657351493835449,1674
chartqa_train_0142,15,0.7542346119880676,1674
chartqa_train_0142,16,0.8058333992958069,1674
chartqa_train_0142,17,0.8364465236663818,1674
chartqa_train_0142,18,0.8724773526191711,1674
chartqa_train_0142,19,0.8230227828025818,1674
chartqa_train_0142,20,0.8248986005783081,1674
chartqa_train_0142,21,0.814400851726532,1674
chartqa_train_0142,22,0.7178963422775269,1674
chartqa_train_0142,23,0.7738507390022278,1674
chartqa_train_0142,24,0.8561950922012329,1674
chartqa_train_0142,25,0.7561657428741455,1674
chartqa_train_0142,26,0.795728862285614,1674
chartqa_train_0142,27,0.8699455261230469,1674
chartqa_train_0146,0,0.8952555060386658,1849
chartqa_train_0146,1,0.8905524015426636,1849
chartqa_train_0146,2,0.9358665347099304,1849
chartqa_train_0146,3,0.9307647347450256,1849
chartqa_train_0146,4,0.8752505779266357,1849
chartqa_train_0146,5,0.876451313495636,1849
chartqa_train_0146,6,0.9026099443435669,1849
chartqa_train_0146,7,0.910027801990509,1849
chartqa_train_0146,8,0.8179722428321838,1849
chartqa_train_0146,9,0.8630063533782959,1849
chartqa_train_0146,10,0.8882544040679932,1849
chartqa_train_0146,11,0.8612421154975891,1849
chartqa_train_0146,12,0.8864497542381287,1849
chartqa_train_0146,13,0.9066675901412964,1849
chartqa_train_0146,14,0.7922006249427795,1849
chartqa_train_0146,15,0.7890509366989136,1849
chartqa_train_0146,16,0.7961533069610596,1849
chartqa_train_0146,17,0.7994727492332458,1849
chartqa_train_0146,18,0.8414075970649719,1849
chartqa_train_0146,19,0.7702746987342834,1849
chartqa_train_0146,20,0.8145291209220886,1849
chartqa_train_0146,21,0.8071516156196594,1849
chartqa_train_0146,22,0.6509051322937012,1849
chartqa_train_0146,23,0.7516294717788696,1849
chartqa_train_0146,24,0.8504712581634521,1849
chartqa_train_0146,25,0.8519806861877441,1849
chartqa_train_0146,26,0.8672558069229126,1849
chartqa_train_0146,27,,1849
chartqa_train_0150,0,0.9075606465339661,1620
chartqa_train_0150,1,0.9018948078155518,1620
chartqa_train_0150,2,0.9376876950263977,1620
chartqa_train_0150,3,0.9306696057319641,1620
chartqa_train_0150,4,0.8391631841659546,1620
chartqa_train_0150,5,0.9011404514312744,1620
chartqa_train_0150,6,0.920203447341919,1620
chartqa_train_0150,7,0.908955454826355,1620
chartqa_train_0150,8,0.8333830833435059,1620
chartqa_train_0150,9,0.8594743609428406,1620
chartqa_train_0150,10,0.923658549785614,1620
chartqa_train_0150,11,0.8885376453399658,1620
chartqa_train_0150,12,0.9007000923156738,1620
chartqa_train_0150,13,0.9093140363693237,1620
chartqa_train_0150,14,0.7499744892120361,1620
chartqa_train_0150,15,0.7335023283958435,1620
chartqa_train_0150,16,0.7189550995826721,1620
chartqa_train_0150,17,0.7929701209068298,1620
chartqa_train_0150,18,0.8129412531852722,1620
chartqa_train_0150,19,0.6700776815414429,1620
chartqa_train_0150,20,0.7877473831176758,1620
chartqa_train_0150,21,0.8073095083236694,1620
chartqa_train_0150,22,0.835649311542511,1620
chartqa_train_0150,23,0.8442501425743103,1620
chartqa_train_0150,24,0.8774083852767944,1620
chartqa_train_0150,25,0.8738285303115845,1620
chartqa_train_0150,26,0.8147079944610596,1620
chartqa_train_0150,27,,1620
chartqa_train_0153,0,0.909399151802063,1674
chartqa_train_0153,1,0.8962960839271545,1674
chartqa_train_0153,2,0.9227827787399292,1674
chartqa_train_0153,3,0.9230489730834961,1674
chartqa_train_0153,4,0.8944141268730164,1674
chartqa_train_0153,5,0.8806707262992859,1674
chartqa_train_0153,6,0.9228793382644653,1674
chartqa_train_0153,7,0.8951974511146545,1674
chartqa_train_0153,8,0.817093014717102,1674
chartqa_train_0153,9,0.8609905242919922,1674
chartqa_train_0153,10,0.9158795475959778,1674
chartqa_train_0153,11,0.8641654253005981,1674
chartqa_train_0153,12,0.8954060077667236,1674
chartqa_train_0153,13,0.8616127967834473,1674
chartqa_train_0153,14,0.8543859124183655,1674
chartqa_train_0153,15,0.913785457611084,1674
chartqa_train_0153,16,0.8202527165412903,1674
chartqa_train_0153,17,0.8411569595336914,1674
chartqa_train_0153,18,0.8313497304916382,1674
chartqa_train_0153,19,0.7943462133407593,1674
chartqa_train_0153,20,0.8667514324188232,1674
chartqa_train_0153,21,0.833802342414856,1674
chartqa_train_0153,22,0.8293518424034119,1674
chartqa_train_0153,23,0.8543071746826172,1674
chartqa_train_0153,24,0.8967289328575134,1674
chartqa_train_0153,25,0.8951907753944397,1674
chartqa_train_0153,26,0.8763046264648438,1674
chartqa_train_0153,27,0.8983924388885498,1674
chartqa_train_0157,0,0.9165574908256531,1566
chartqa_train_0157,1,0.9117153286933899,1566
chartqa_train_0157,2,0.923563539981842,1566
chartqa_train_0157,3,0.9340835213661194,1566
chartqa_train_0157,4,0.8303512930870056,1566
chartqa_train_0157,5,0.8941141963005066,1566
chartqa_train_0157,6,0.924198567867279,1566
chartqa_train_0157,7,0.8741372227668762,1566
chartqa_train_0157,8,0.876361072063446,1566
chartqa_train_0157,9,0.8792093992233276,1566
chartqa_train_0157,10,0.9299009442329407,1566
chartqa_train_0157,11,0.8706833124160767,1566
chartqa_train_0157,12,0.8795520067214966,1566
chartqa_train_0157,13,0.8909316062927246,1566
chartqa_train_0157,14,0.7843039631843567,1566
chartqa_train_0157,15,0.8556132912635803,1566
chartqa_train_0157,16,0.8425091505050659,1566
chartqa_train_0157,17,0.8602401614189148,1566
chartqa_train_0157,18,0.8392125368118286,1566
chartqa_train_0157,19,0.8324320316314697,1566
chartqa_train_0157,20,0.8180868029594421,1566
chartqa_train_0157,21,0.8239513039588928,1566
chartqa_train_0157,22,0.7851353287696838,1566
chartqa_train_0157,23,0.8623889684677124,1566
chartqa_train_0157,24,0.8961921334266663,1566
chartqa_train_0157,25,0.8491256237030029,1566
chartqa_train_0157,26,0.8633794784545898,1566
chartqa_train_0157,27,0.8915315270423889,1566
chartqa_train_0160,0,0.9055278897285461,2185
chartqa_train_0160,1,0.9189618229866028,2185
chartqa_train_0160,2,0.9388089776039124,2185
chartqa_train_0160,3,0.9402837157249451,2185
chartqa_train_0160,4,0.9186489582061768,2185
chartqa_train_0160,5,0.9307495951652527,2185
chartqa_train_0160,6,0.914447009563446,2185
chartqa_train_0160,7,0.9070756435394287,2185
chartqa_train_0160,8,0.914216935634613,2185
chartqa_train_0160,9,0.8246700167655945,2185
chartqa_train_0160,10,0.9048826098442078,2185
chartqa_train_0160,11,0.9048434495925903,2185
chartqa_train_0160,12,0.9226304292678833,2185
chartqa_train_0160,13,0.8955145478248596,2185
chartqa_train_0160,14,0.9165395498275757,2185
chartqa_train_0160,15,0.9382916688919067,2185
chartqa_train_0160,16,0.8979327082633972,2185
chartqa_train_0160,17,0.9223230481147766,2185
chartqa_train_0160,18,0.9265643358230591,2185
chartqa_train_0160,19,0.8461025357246399,2185
chartqa_train_0160,20,0.9026911854743958,2185
chartqa_train_0160,21,0.8422431945800781,2185
chartqa_train_0160,22,0.758920431137085,2185
chartqa_train_0160,23,0.8627766370773315,2185
chartqa_train_0160,24,0.8478771448135376,2185
chartqa_train_0160,25,0.8802094459533691,2185
chartqa_train_0160,26,0.8661563396453857,2185
chartqa_train_0160,27,,2185
chartqa_train_0164,0,0.915936291217804,1681
chartqa_train_0164,1,0.9090593457221985,1681
chartqa_train_0164,2,0.9490065574645996,1681
chartqa_train_0164,3,0.9458267688751221,1681
chartqa_train_0164,4,0.8765947222709656,1681
chartqa_train_0164,5,0.8907666206359863,1681
chartqa_train_0164,6,0.8893457651138306,1681
chartqa_train_0164,7,0.8976181149482727,1681
chartqa_train_0164,8,0.8742076754570007,1681
chartqa_train_0164,9,0.8305779099464417,1681
chartqa_train_0164,10,0.8853645324707031,1681
chartqa_train_0164,11,0.881269097328186,1681
chartqa_train_0164,12,0.8774212002754211,1681
chartqa_train_0164,13,0.8906574249267578,1681
chartqa_train_0164,14,0.8938241004943848,1681
chartqa_train_0164,15,0.9120994210243225,1681
chartqa_train_0164,16,0.8822755813598633,1681
chartqa_train_0164,17,0.9210907816886902,1681
chartqa_train_0164,18,0.9123184680938721,1681
chartqa_train_0164,19,0.8132736086845398,1681
chartqa_train_0164,20,0.8423690795898438,1681
chartqa_train_0164,21,0.8639680743217468,1681
chartqa_train_0164,22,0.6770927309989929,1681
chartqa_train_0164,23,0.8056368231773376,1681
chartqa_train_0164,24,0.7690585851669312,1681
chartqa_train_0164,25,0.8154972195625305,1681
chartqa_train_0164,26,0.8487928509712219,1681
chartqa_train_0164,27,0.8562519550323486,1681
chartqa_train_0165,0,0.9332236647605896,1681
chartqa_train_0165,1,0.9230549931526184,1681
chartqa_train_0165,2,0.9575769305229187,1681
chartqa_train_0165,3,0.950148344039917,1681
chartqa_train_0165,4,0.8880852460861206,1681
chartqa_train_0165,5,0.9011169672012329,1681
chartqa_train_0165,6,0.9249135255813599,1681
chartqa_train_0165,7,0.9117065668106079,1681
chartqa_train_0165,8,0.7766295075416565,1681
chartqa_train_0165,9,0.881837785243988,1681
chartqa_train_0165,10,0.9216870069503784,1681
chartqa_train_0165,11,0.8803160786628723,1681
chartqa_train_0165,12,0.8986389636993408,1681
chartqa_train_0165,13,0.8788348436355591,1681
chartqa_train_0165,14,0.7358570098876953,1681
chartqa_train_0165,15,0.7746620774269104,1681
chartqa_train_0165,16,0.7503073215484619,1681
chartqa_train_0165,17,0.7712001800537109,1681
chartqa_train_0165,18,0.847493052482605,1681
chartqa_train_0165,19,0.7403048872947693,1681
chartqa_train_0165,20,0.7210801839828491,1681
chartqa_train_0165,21,0.7577992677688599,1681
chartqa_train_0165,22,0.7325291633605957,1681
chartqa_train_0165,23,0.7133967876434326,1681
chartqa_train_0165,24,0.8551514148712158,1681
chartqa_train_0165,25,0.8257452845573425,1681
chartqa_train_0165,26,0.8271458745002747,1681
chartqa_train_0165,27,0.8584680557250977,1681
chartqa_train_0167,0,0.9172177314758301,1849
chartqa_train_0167,1,0.9095616340637207,1849
chartqa_train_0167,2,0.9407165050506592,1849
chartqa_train_0167,3,0.9504667520523071,1849
chartqa_train_0167,4,0.8865036368370056,1849
chartqa_train_0167,5,0.8992231488227844,1849
chartqa_train_0167,6,0.9078292846679688,1849
chartqa_train_0167,7,0.9045245051383972,1849
chartqa_train_0167,8,0.8142021298408508,1849
chartqa_train_0167,9,0.8687878847122192,1849
chartqa_train_0167,10,0.9175789952278137,1849
chartqa_train_0167,11,0.8963141441345215,1849
chartqa_train_0167,12,0.8950119018554688,1849
chartqa_train_0167,13,0.9138569235801697,1849
chartqa_train_0167,14,0.8627341389656067,1849
chartqa_train_0167,15,0.8586178421974182,1849
chartqa_train_0167,16,0.8420814275741577,1849
chartqa_train_0167,17,0.8757547736167908,1849
chartqa_train_0167,18,0.8705263137817383,1849
chartqa_train_0167,19,0.8206919431686401,1849
chartqa_train_0167,20,0.862899124622345,1849
chartqa_train_0167,21,0.8218864798545837,1849
chartqa_train_0167,22,0.7364968061447144,1849
chartqa_train_0167,23,0.7800068259239197,1849
chartqa_train_0167,24,0.8309994339942932,1849
chartqa_train_0167,25,0.8551634550094604,1849
chartqa_train_0167,26,0.8921264410018921,1849
chartqa_train_0167,27,,1849
chartqa_train_0168,0,0.86029452085495,3699
chartqa_train_0168,1,0.876710832118988,3699
chartqa_train_0168,2,0.9095794558525085,3699
chartqa_train_0168,3,0.9115192294120789,3699
chartqa_train_0168,4,0.8723416924476624,3699
chartqa_train_0168,5,0.8795186281204224,3699
chartqa_train_0168,6,0.874197781085968,3699
chartqa_train_0168,7,0.858238935470581,3699
chartqa_train_0168,8,0.8518399000167847,3699
chartqa_train_0168,9,0.806805431842804,3699
chartqa_train_0168,10,0.8824599385261536,3699
chartqa_train_0168,11,0.8512453436851501,3699
chartqa_train_0168,12,0.8054162859916687,3699
chartqa_train_0168,13,0.8141918778419495,3699
chartqa_train_0168,14,0.808812141418457,3699
chartqa_train_0168,15,0.8741289973258972,3699
chartqa_train_0168,16,0.8045133352279663,3699
chartqa_train_0168,17,0.8806138038635254,3699
chartqa_train_0168,18,0.8787849545478821,3699
chartqa_train_0168,19,0.7818912267684937,3699
chartqa_train_0168,20,0.8707894682884216,3699
chartqa_train_0168,21,0.8585113286972046,3699
chartqa_train_0168,22,0.8285158276557922,3699
chartqa_train_0168,23,0.8418136239051819,3699
chartqa_train_0168,24,0.8203063011169434,3699
chartqa_train_0168,25,0.8596504330635071,3699
chartqa_train_0168,26,0.774401843547821,3699
chartqa_train_0168,27,0.8135604858398438,3699
chartqa_train_0173,0,0.9075936079025269,1566
chartqa_train_0173,1,0.8935491442680359,1566
chartqa_train_0173,2,0.9317336678504944,1566
chartqa_train_0173,3,0.9190185070037842,1566
chartqa_train_0173,4,0.8146284222602844,1566
chartqa_train_0173,5,0.8926418423652649,1566
chartqa_train_0173,6,0.9293609857559204,1566
chartqa_train_0173,7,0.9117968678474426,1566
chartqa_train_0173,8,0.7624126076698303,1566
chartqa_train_0173,9,0.8852829933166504,1566
chartqa_train_0173,10,0.9251506328582764,1566
chartqa_train_0173,11,0.8686110377311707,1566
chartqa_train_0173,12,0.9119353294372559,1566
chartqa_train_0173,13,0.8813930749893188,1566
chartqa_train_0173,14,0.8588705062866211,1566
chartqa_train_0173,15,0.8953642845153809,1566
chartqa_train_0173,16,0.8471770882606506,1566
chartqa_train_0173,17,0.8734316229820251,1566
chartqa_train_0173,18,0.8688075542449951,1566
chartqa_train_0173,19,0.8408276438713074,1566
chartqa_train_0173,20,0.8952242732048035,1566
chartqa_train_0173,21,0.8580376505851746,1566
chartqa_train_0173,22,0.8708770275115967,1566
chartqa_train_0173,23,0.8799850940704346,1566
chartqa_train_0173,24,0.9257279634475708,1566
chartqa_train_0173,25,0.8941859602928162,1566
chartqa_train_0173,26,0.8811255097389221,1566
chartqa_train_0173,27,0.8961030840873718,1566
chartqa_train_0174,0,0.9003480672836304,1620
chartqa_train_0174,1,0.9054941534996033,1620
chartqa_train_0174,2,0.9304797649383545,1620
chartqa_train_0174,3,0.9239023923873901,1620
chartqa_train_0174,4,0.8317902684211731,1620
chartqa_train_0174,5,0.9067526459693909,1620
chartqa_train_0174,6,0.9302874207496643,1620
chartqa_train_0174,7,0.9064539074897766,1620
chartqa_train_0174,8,0.8127824664115906,1620
chartqa_train_0174,9,0.8565745949745178,1620
chartqa_train_0174,10,0.9203439950942993,1620
chartqa_train_0174,11,0.8627925515174866,1620
chartqa_train_0174,12,0.8794418573379517,1620
chartqa_train_0174,13,0.889307975769043,1620
chartqa_train_0174,14,0.74488365650177,1620
chartqa_train_0174,15,0.7032861709594727,1620
chartqa_train_0174,16,0.7310829162597656,1620
chartqa_train_0174,17,0.7879191040992737,1620
chartqa_train_0174,18,0.8405258655548096,1620
chartqa_train_0174,19,0.7773655652999878,1620
chartqa_train_0174,20,0.8128973245620728,1620
chartqa_train_0174,21,0.8118546009063721,1620
chartqa_train_0174,22,0.7131713628768921,1620
chartqa_train_0174,23,0.8313198685646057,1620
chartqa_train_0174,24,0.9226334095001221,1620
chartqa_train_0174,25,0.7826586961746216,1620
chartqa_train_0174,26,0.7812954187393188,1620
chartqa_train_0174,27,0.8993361592292786,1620
chartqa_train_0176,0,0.9049002528190613,2241
chartqa_train_0176,1,0.9052146673202515,2241
chartqa_train_0176,2,0.9345549941062927,2241
chartqa_train_0176,3,0.9228125214576721,2241
chartqa_train_0176,4,0.8674581050872803,2241
chartqa_train_0176,5,0.8803044557571411,2241
chartqa_train_0176,6,0.8839668035507202,2241
chartqa_train_0176,7,0.8984682559967041,2241
chartqa_train_0176,8,0.8105494976043701,2241
chartqa_train_0176,9,0.8542832136154175,2241
chartqa_train_0176,10,0.8807848691940308,2241
chartqa_train_0176,11,0.8658038973808289,2241
chartqa_train_0176,12,0.8653959035873413,2241
chartqa_train_0176,13,0.8894237279891968,2241
chartqa_train_0176,14,0.7447043061256409,2241
chartqa_train_0176,15,0.7811716794967651,2241
chartqa_train_0176,16,0.7918872237205505,2241
chartqa_train_0176,17,0.7871733903884888,2241
chartqa_train_0176,18,0.8250757455825806,2241
chartqa_train_0176,19,0.7924214005470276,2241
chartqa_train_0176,20,0.7868214249610901,2241
chartqa_train_0176,21,0.8076956868171692,2241
chartqa_train_0176,22,0.7011407017707825,2241
chartqa_train_0176,23,0.8137670159339905,2241
chartqa_train_0176,24,0.8652782440185547,2241
chartqa_train_0176,25,0.774834394454956,2241
chartqa_train_0176,26,0.7944660186767578,2241
chartqa_train_0176,27,,2241
chartqa_train_0177,0,0.9109141826629639,2241
chartqa_train_0177,1,0.9144341349601746,2241
chartqa_train_0177,2,0.9364368915557861,2241
chartqa_train_0177,3,0.9310086965560913,2241
chartqa_train_0177,4,0.8823363780975342,2241
chartqa_train_0177,5,0.87635338306427,2241
chartqa_train_0177,6,0.9024003744125366,2241
chartqa_train_0177,7,0.8924715518951416,2241
chartqa_train_0177,8,0.8739774823188782,2241
chartqa_train_0177,9,0.8525171875953674,2241
chartqa_train_0177,10,0.8922298550605774,2241
chartqa_train_0177,11,0.8331689238548279,2241
chartqa_train_0177,12,0.8510439991950989,2241
chartqa_train_0177,13,0.8713440299034119,2241
chartqa_train_0177,14,0.6953427791595459,2241
chartqa_train_0177,15,0.8650108575820923,2241
chartqa_train_0177,16,0.7699317932128906,2241
chartqa_train_0177,17,0.7953824400901794,2241
chartqa_train_0177,18,0.8152331113815308,2241
chartqa_train_0177,19,0.667255163192749,2241
chartqa_train_0177,20,0.7519916296005249,2241
chartqa_train_0177,21,0.5894396305084229,2241
chartqa_train_0177,22,0.6348686218261719,2241
chartqa_train_0177,23,0.6853511333465576,2241
chartqa_train_0177,24,0.8549875617027283,2241
chartqa_train_0177,25,0.8249257802963257,2241
chartqa_train_0177,26,0.8486153483390808,2241
chartqa_train_0177,27,,2241
chartqa_train_0180,0,0.9156267642974854,1793
chartqa_train_0180,1,0.913239061832428,1793
chartqa_train_0180,2,0.9469768404960632,1793
chartqa_train_0180,3,0.9460142850875854,1793
chartqa_train_0180,4,0.8535781502723694,1793
chartqa_train_0180,5,0.8622093200683594,1793
chartqa_train_0180,6,0.9077448844909668,1793
chartqa_train_0180,7,0.8970347046852112,1793
chartqa_train_0180,8,0.8635237216949463,1793
chartqa_train_0180,9,0.8376823663711548,1793
chartqa_train_0180,10,0.8976377248764038,1793
chartqa_train_0180,11,0.8819423913955688,1793
chartqa_train_0180,12,0.887954831123352,1793
chartqa_train_0180,13,0.913925290107727,1793
chartqa_train_0180,14,0.8725387454032898,1793
chartqa_train_0180,15,0.8574842214584351,1793
chartqa_train_0180,16,0.8728407025337219,1793
chartqa_train_0180,17,0.8843370079994202,1793
chartqa_train_0180,18,0.8882772326469421,1793
chartqa_train_0180,19,0.8285009264945984,1793
chartqa_train_0180,20,0.8624415993690491,1793
chartqa_train_0180,21,0.8179059028625488,1793
chartqa_train_0180,22,0.7183881402015686,1793
chartqa_train_0180,23,0.8250832557678223,1793
chartqa_train_0180,24,0.8888896703720093,1793
chartqa_train_0180,25,0.8886836767196655,1793
chartqa_train_0180,26,0.8526678681373596,1793
chartqa_train_0180,27,0.8545412421226501,1793
chartqa_train_0184,0,0.9131911993026733,1849
chartqa_train_0184,1,0.9127375483512878,1849
chartqa_train_0184,2,0.9534153938293457,1849
chartqa_train_0184,3,0.9537353515625,1849
chartqa_train_0184,4,0.8911010026931763,1849
chartqa_train_0184,5,0.9033609628677368,1849
chartqa_train_0184,6,0.9247252345085144,1849
chartqa_train_0184,7,0.9077962636947632,1849
chartqa_train_0184,8,0.7989570498466492,1849
chartqa_train_0184,9,0.8724357485771179,1849
chartqa_train_0184,10,0.9212283492088318,1849
chartqa_train_0184,11,0.884962797164917,1849
chartqa_train_0184,12,0.8923854827880859,1849
chartqa_train_0184,13,0.9040365815162659,1849
chartqa_train_0184,14,0.8549560904502869,1849
chartqa_train_0184,15,0.8120415210723877,1849
chartqa_train_0184,16,0.8387916684150696,1849
chartqa_train_0184,17,0.835766613483429,1849
chartqa_train_0184,18,0.8632454872131348,1849
chartqa_train_0184,19,0.8317791223526001,1849
chartqa_train_0184,20,0.848949670791626,1849
chartqa_train_0184,21,0.8108426928520203,1849
chartqa_train_0184,22,0.6892235279083252,1849
chartqa_train_0184,23,0.7655861973762512,1849
chartqa_train_0184,24,0.8826572299003601,1849
chartqa_train_0184,25,0.8716907501220703,1849
chartqa_train_0184,26,0.8781129717826843,1849
chartqa_train_0184,27,,1849
chartqa_train_0185,0,0.9304980039596558,1849
chartqa_train_0185,1,0.9476056694984436,1849
chartqa_train_0185,2,0.9457180500030518,1849
chartqa_train_0185,3,0.9439366459846497,1849
chartqa_train_0185,4,0.910740077495575,1849
chartqa_train_0185,5,0.9099547266960144,1849
chartqa_train_0185,6,0.9253007769584656,1849
chartqa_train_0185,7,0.888278603553772,1849
chartqa_train_0185,8,0.8954582214355469,1849
chartqa_train_0185,9,0.7680399417877197,1849
chartqa_train_0185,10,0.8516594767570496,1849
chartqa_train_0185,11,0.8730295896530151,1849
chartqa_train_0185,12,0.8792529702186584,1849
chartqa_train_0185,13,0.8269364237785339,1849
chartqa_train_0185,14,0.8860441446304321,1849
chartqa_train_0185,15,0.9117644429206848,1849
chartqa_train_0185,16,0.8747585415840149,1849
chartqa_train_0185,17,0.8983209729194641,1849
chartqa_train_0185,18,0.8884890675544739,1849
chartqa_train_0185,19,0.8628743886947632,1849
chartqa_train_0185,20,0.8943572640419006,1849
chartqa_train_0185,21,0.8984004855155945,1849
chartqa_train_0185,22,0.8869468569755554,1849
chartqa_train_0185,23,0.859997034072876,1849
chartqa_train_0185,24,0.8712011575698853,1849
chartqa_train_0185,25,0.8898789882659912,1849
chartqa_train_0185,26,0.8307170271873474,1849
chartqa_train_0185,27,,1849
chartqa_train_0186,0,0.8934530019760132,2599
chartqa_train_0186,1,0.8964858055114746,2599
chartqa_train_0186,2,0.9379552006721497,2599
chartqa_train_0186,3,0.9329152703285217,2599
chartqa_train_0186,4,0.8632615804672241,2599
chartqa_train_0186,5,0.8729254007339478,2599
chartqa_train_0186,6,0.8444779515266418,2599
chartqa_train_0186,7,0.8591486215591431,2599
chartqa_train_0186,8,0.8471688032150269,2599
chartqa_train_0186,9,0.8170166015625,2599
chartqa_train_0186,10,0.8905483484268188,2599
chartqa_train_0186,11,0.8678027987480164,2599
chartqa_train_0186,12,0.8729842305183411,2599
chartqa_train_0186,13,0.8499384522438049,2599
chartqa_train_0186,14,0.7899841070175171,2599
chartqa_train_0186,15,0.8343981504440308,2599
chartqa_train_0186,16,0.8754269480705261,2599
chartqa_train_0186,17,0.8960033655166626,2599
chartqa_train_0186,18,0.9115706086158752,2599
chartqa_train_0186,19,0.8864250779151917,2599
chartqa_train_0186,20,0.891794741153717,2599
chartqa_train_0186,21,0.8892676830291748,2599
chartqa_train_0186,22,0.8595829010009766,2599
chartqa_train_0186,23,0.8656854033470154,2599
chartqa_train_0186,24,0.8826385140419006,2599
chartqa_train_0186,25,0.899304211139679,2599
chartqa_train_0186,26,0.8486703038215637,2599
chartqa_train_0186,27,0.8817209601402283,2599
chartqa_train_0187,0,0.9007747769355774,2599
chartqa_train_0187,1,0.8997598886489868,2599
chartqa_train_0187,2,0.9436137676239014,2599
chartqa_train_0187,3,0.9406667351722717,2599
chartqa_train_0187,4,0.8667588233947754,2599
chartqa_train_0187,5,0.8622403740882874,2599
chartqa_train_0187,6,0.8787962794303894,2599
chartqa_train_0187,7,0.8858526349067688,2599
chartqa_train_0187,8,0.8463232517242432,2599
chartqa_train_0187,9,0.8454402685165405,2599
chartqa_train_0187,10,0.8979651927947998,2599
chartqa_train_0187,11,0.8722574710845947,2599
chartqa_train_0187,12,0.9020544290542603,2599
chartqa_train_0187,13,0.9202295541763306,2599
chartqa_train_0187,14,0.8345127701759338,2599
chartqa_train_0187,15,0.8359278440475464,2599
chartqa_train_0187,16,0.845185399055481,2599
chartqa_train_0187,17,0.8765480518341064,2599
chartqa_train_0187,18,0.8971278071403503,2599
chartqa_train_0187,19,0.8513205051422119,2599
chartqa_train_0187,20,0.8621695041656494,2599
chartqa_train_0187,21,0.8272899389266968,2599
chartqa_train_0187,22,0.7841048240661621,2599
chartqa_train_0187,23,0.7941213250160217,2599
chartqa_train_0187,24,0.8613671064376831,2599
chartqa_train_0187,25,0.8950551152229309,2599
chartqa_train_0187,26,0.8283947110176086,2599
chartqa_train_0187,27,0.8604944348335266,2599
chartqa_train_0188,0,0.9044831395149231,1566
chartqa_train_0188,1,0.9059951305389404,1566
chartqa_train_0188,2,0.9243227243423462,1566
chartqa_train_0188,3,0.9264817833900452,1566
chartqa_train_0188,4,0.8756804466247559,1566
chartqa_train_0188,5,0.8952941298484802,1566
chartqa_train_0188,6,0.9069139957427979,1566
chartqa_train_0188,7,0.8895441293716431,1566
chartqa_train_0188,8,0.8082919716835022,1566
chartqa_train_0188,9,0.8711575865745544,1566
chartqa_train_0188,10,0.9114483594894409,1566
chartqa_train_0188,11,0.8781274557113647,1566
chartqa_train_0188,12,0.8783760666847229,1566
chartqa_train_0188,13,0.9175150990486145,1566
chartqa_train_0188,14,0.8304222226142883,1566
chartqa_train_0188,15,0.8523989915847778,1566
chartqa_train_0188,16,0.871803343296051,1566
chartqa_train_0188,17,0.8725045323371887,1566
chartqa_train_0188,18,0.8843010067939758,1566
chartqa_train_0188,19,0.8817723989486694,1566
chartqa_train_0188,20,0.8523728251457214,1566
chartqa_train_0188,21,0.8389663696289062,1566
chartqa_train_0188,22,0.7391558289527893,1566
chartqa_train_0188,23,0.7670690417289734,1566
chartqa_train_0188,24,0.8465006351470947,1566
chartqa_train_0188,25,0.8335031270980835,1566
chartqa_train_0188,26,0.8751171231269836,1566
chartqa_train_0188,27,,1566
chartqa_train_0192,0,0.912125825881958,1674
chartqa_train_0192,1,0.925744354724884,1674
chartqa_train_0192,2,0.927263081073761,1674
chartqa_train_0192,3,0.9272022843360901,1674
chartqa_train_0192,4,0.9119039177894592,1674
chartqa_train_0192,5,0.9281295537948608,1674
chartqa_train_0192,6,0.9089640974998474,1674
chartqa_train_0192,7,0.8790193200111389,1674
chartqa_train_0192,8,0.9009631276130676,1674
chartqa_train_0192,9,0.7960700988769531,1674
chartqa_train_0192,10,0.8914158344268799,1674
chartqa_train_0192,11,0.8956102728843689,1674
chartqa_train_0192,12,0.9087222218513489,1674
chartqa_train_0192,13,0.8884142637252808,1674
chartqa_train_0192,14,0.9269019365310669,1674
chartqa_train_0192,15,0.9380657076835632,1674
chartqa_train_0192,16,0.9054713249206543,1674
chartqa_train_0192,17,0.9339685440063477,1674
chartqa_train_0192,18,0.9202709794044495,1674
chartqa_train_0192,19,0.8591856360435486,1674
chartqa_train_0192,20,0.9037473797798157,1674
chartqa_train_0192,21,0.8887112736701965,1674
chartqa_train_0192,22,0.8708013892173767,1674
chartqa_train_0192,23,0.8801040649414062,1674
chartqa_train_0192,24,0.8562247157096863,1674
chartqa_train_0192,25,0.8973850011825562,1674
chartqa_train_0192,26,0.8364439606666565,1674
chartqa_train_0192,27,,1674
chartqa_train_0193,0,0.9144781827926636,1674
chartqa_train_0193,1,0.9083638787269592,1674
chartqa_train_0193,2,0.9318779110908508,1674
chartqa_train_0193,3,0.9398441314697266,1674
chartqa_train_0193,4,0.8906958103179932,1674
chartqa_train_0193,5,0.904682457447052,1674
chartqa_train_0193,6,0.9017288684844971,1674
chartqa_train_0193,7,0.8911585807800293,1674
chartqa_train_0193,8,0.8437828421592712,1674
chartqa_train_0193,9,0.8590803146362305,1674
chartqa_train_0193,10,0.9033613204956055,1674
chartqa_train_0193,11,0.9059476256370544,1674
chartqa_train_0193,12,0.9068795442581177,1674
chartqa_train_0193,13,0.9279277324676514,1674
chartqa_train_0193,14,0.873136579990387,1674
chartqa_train_0193,15,0.9036996960639954,1674
chartqa_train_0193,16,0.89275723695755,1674
chartqa_train_0193,17,0.902974545955658,1674
chartqa_train_0193,18,0.907431960105896,1674
chartqa_train_0193,19,0.776940643787384,1674
chartqa_train_0193,20,0.8391344547271729,1674
chartqa_train_0193,21,0.806743323802948,1674
chartqa_train_0193,22,0.7339471578598022,1674
chartqa_train_0193,23,0.8118895888328552,1674
chartqa_train_0193,24,0.9016745090484619,1674
chartqa_train_0193,25,0.8626692891120911,1674
chartqa_train_0193,26,0.8584597706794739,1674
chartqa_train_0193,27,,1674
chartqa_train_0194,0,0.9338617324829102,1737
chartqa_train_0194,1,0.9522837996482849,1737
chartqa_train_0194,2,0.9534112215042114,1737
chartqa_train_0194,3,0.947205662727356,1737
chartqa_train_0194,4,0.9161561727523804,1737
chartqa_train_0194,5,0.932417094707489,1737
chartqa_train_0194,6,0.9391839504241943,1737
chartqa_train_0194,7,0.9052565693855286,1737
chartqa_train_0194,8,0.90041583776474,1737
chartqa_train_0194,9,0.7979683876037598,1737
chartqa_train_0194,10,0.8764743804931641,1737
chartqa_train_0194,11,0.8839052319526672,1737
chartqa_train_0194,12,0.8910166621208191,1737
chartqa_train_0194,13,0.8332204818725586,1737
chartqa_train_0194,14,0.8780456781387329,1737
chartqa_train_0194,15,0.9063944816589355,1737
chartqa_train_0194,16,0.8818995952606201,1737
chartqa_train_0194,17,0.8968043923377991,1737
chartqa_train_0194,18,0.8916083574295044,1737
chartqa_train_0194,19,0.8908584713935852,1737
chartqa_train_0194,20,0.8956634998321533,1737
chartqa_train_0194,21,0.9067124724388123,1737
chartqa_train_0194,22,0.8702946305274963,1737
chartqa_train_0194,23,0.9052129983901978,1737
chartqa_train_0194,24,0.9053025245666504,1737
chartqa_train_0194,25,0.8950415253639221,1737
chartqa_train_0194,26,0.8639466166496277,1737
chartqa_train_0194,27,,1737
chartqa_train_0196,0,0.8961576819419861,1681
chartqa_train_0196,1,0.9099297523498535,1681
chartqa_train_0196,2,0.9453940391540527,1681
chartqa_train_0196,3,0.9453112483024597,1681
chartqa_train_0196,4,0.9071916937828064,1681
chartqa_train_0196,5,0.9262624979019165,1681
chartqa_train_0196,6,0.8943682909011841,1681
chartqa_train_0196,7,0.9124782085418701,1681
chartqa_train_0196,8,0.8488612771034241,1681
chartqa_train_0196,9,0.8709622025489807,1681
chartqa_train_0196,10,0.9259644150733948,1681
chartqa_train_0196,11,0.8815462589263916,1681
chartqa_train_0196,12,0.8628882765769958,1681
chartqa_train_0196,13,0.9197537899017334,1681
chartqa_train_0196,14,0.8193581700325012,1681
chartqa_train_0196,15,0.8556414842605591,1681
chartqa_train_0196,16,0.8205254077911377,1681
chartqa_train_0196,17,0.8444928526878357,1681
chartqa_train_0196,18,0.8720534443855286,1681
chartqa_train_0196,19,0.8307521939277649,1681
chartqa_train_0196,20,0.8938458561897278,1681
chartqa_train_0196,21,0.8684605360031128,1681
chartqa_train_0196,22,0.8476864099502563,1681
chartqa_train_0196,23,0.854994535446167,1681
chartqa_train_0196,24,0.8413630127906799,1681
chartqa_train_0196,25,0.8748472929000854,1681
chartqa_train_0196,26,0.820361852645874,1681
chartqa_train_0196,27,,1681
chartqa_train_0199,0,0.8930702209472656,3589
chartqa_train_0199,1,0.9087479710578918,3589
chartqa_train_0199,2,0.9465707540512085,3589
chartqa_train_0199,3,0.9339509606361389,3589
chartqa_train_0199,4,0.8266155123710632,3589
chartqa_train_0199,5,0.9087989330291748,3589
chartqa_train_0199,6,0.9118641018867493,3589
chartqa_train_0199,7,0.8731502294540405,3589
chartqa_train_0199,8,0.7787742614746094,3589
chartqa_train_0199,9,0.8410274982452393,3589
chartqa_train_0199,10,0.8864268064498901,3589
chartqa_train_0199,11,0.8509486317634583,3589
chartqa_train_0199,12,0.876865565776825,3589
chartqa_train_0199,13,0.9051076173782349,3589
chartqa_train_0199,14,0.7922608256340027,3589
chartqa_train_0199,15,0.8695822358131409,3589
chartqa_train_0199,16,0.8776535391807556,3589
chartqa_train_0199,17,0.8597851991653442,3589
chartqa_train_0199,18,0.9068199396133423,3589
chartqa_train_0199,19,0.8132343292236328,3589
chartqa_train_0199,20,0.8491111993789673,3589
chartqa_train_0199,21,0.7974507212638855,3589
chartqa_train_0199,22,0.7425488829612732,3589
chartqa_train_0199,23,0.764026939868927,3589
chartqa_train_0199,24,0.8711008429527283,3589
chartqa_train_0199,25,0.8367419838905334,3589
chartqa_train_0199,26,0.8640128970146179,3589
chartqa_train_0199,27,0.8891178965568542,3589
chartqa_train_0201,0,0.9249376058578491,1377
chartqa_train_0201,1,0.9048920273780823,1377
chartqa_train_0201,2,0.9107685685157776,1377
chartqa_train_0201,3,0.9178279042243958,1377
chartqa_train_0201,4,0.8327977657318115,1377
chartqa_train_0201,5,0.8727021813392639,1377
chartqa_train_0201,6,0.8876338601112366,1377
chartqa_train_0201,7,0.8958644270896912,1377
chartqa_train_0201,8,0.888267993927002,1377
chartqa_train_0201,9,0.8353626728057861,1377
chartqa_train_0201,10,0.9071810245513916,1377
chartqa_train_0201,11,0.8770076632499695,1377
chartqa_train_0201,12,0.8944377899169922,1377
chartqa_train_0201,13,0.9241411685943604,1377
chartqa_train_0201,14,0.8025779724121094,1377
chartqa_train_0201,15,0.8322864174842834,1377
chartqa_train_0201,16,0.8594346642494202,1377
chartqa_train_0201,17,0.8973801136016846,1377
chartqa_train_0201,18,0.8937802910804749,1377
chartqa_train_0201,19,0.8743485808372498,1377
chartqa_train_0201,20,0.8593363165855408,1377
chartqa_train_0201,21,0.8358026742935181,1377
chartqa_train_0201,22,0.8081942796707153,1377
chartqa_train_0201,23,0.8051209449768066,1377
chartqa_train_0201,24,0.9090538024902344,1377
chartqa_train_0201,25,0.878171980381012,1377
chartqa_train_0201,26,0.880591094493866,1377
chartqa_train_0201,27,0.8958568572998047,1377
chartqa_train_0202,0,0.9223228693008423,1681
chartqa_train_0202,1,0.9140996932983398,1681
chartqa_train_0202,2,0.9433764219284058,1681
chartqa_train_0202,3,0.9406241178512573,1681
chartqa_train_0202,4,0.8681825995445251,1681
chartqa_train_0202,5,0.8896725177764893,1681
chartqa_train_0202,6,0.8627161383628845,1681
chartqa_train_0202,7,0.8740335702896118,1681
chartqa_train_0202,8,0.8669686913490295,1681
chartqa_train_0202,9,0.8012238144874573,1681
chartqa_train_0202,10,0.8695616722106934,1681
chartqa_train_0202,11,0.8621458411216736,1681
chartqa_train_0202,12,0.8632871508598328,1681
chartqa_train_0202,13,0.8599228858947754,1681
chartqa_train_0202,14,0.7863036394119263,1681
chartqa_train_0202,15,0.8433082103729248,1681
chartqa_train_0202,16,0.8480525016784668,1681
chartqa_train_0202,17,0.874262273311615,1681
chartqa_train_0202,18,0.8789005875587463,1681
chartqa_train_0202,19,0.7855740785598755,1681
chartqa_train_0202,20,0.8746203184127808,1681
chartqa_train_0202,21,0.872883677482605,1681
chartqa_train_0202,22,0.850190281867981,1681
chartqa_train_0202,23,0.8557244539260864,1681
chartqa_train_0202,24,0.8927311897277832,1681
chartqa_train_0202,25,0.8865960240364075,1681
chartqa_train_0202,26,0.8649842739105225,1681
chartqa_train_0202,27,0.8824329972267151,1681
chartqa_train_0203,0,0.9333032965660095,1681
chartqa_train_0203,1,0.9208327531814575,1681
chartqa_train_0203,2,0.9513880610466003,1681
chartqa_train_0203,3,0.9509088397026062,1681
chartqa_train_0203,4,0.8754509687423706,1681
chartqa_train_0203,5,0.9133535623550415,1681
chartqa_train_0203,6,0.8936804533004761,1681
chartqa_train_0203,7,0.9052431583404541,1681
chartqa_train_0203,8,0.8364883065223694,1681
chartqa_train_0203,9,0.8846900463104248,1681
chartqa_train_0203,10,0.9263889789581299,1681
chartqa_train_0203,11,0.9124050140380859,1681
chartqa_train_0203,12,0.895550012588501,1681
chartqa_train_0203,13,0.9087649583816528,1681
chartqa_train_0203,14,0.8498642444610596,1681
chartqa_train_0203,15,0.8469716906547546,1681
chartqa_train_0203,16,0.8582310080528259,1681
chartqa_train_0203,17,0.8505933284759521,1681
chartqa_train_0203,18,0.8701061606407166,1681
chartqa_train_0203,19,0.8436639308929443,1681
chartqa_train_0203,20,0.852359414100647,1681
chartqa_train_0203,21,0.8514719009399414,1681
chartqa_train_0203,22,0.7312947511672974,1681
chartqa_train_0203,23,0.8115361928939819,1681
chartqa_train_0203,24,0.8699412941932678,1681
chartqa_train_0203,25,0.8462434411048889,1681
chartqa_train_0203,26,0.8909708857536316,1681
chartqa_train_0203,27,,1681
chartqa_train_0205,0,0.8836783170700073,3591
chartqa_train_0205,1,0.9029332399368286,3591
chartqa_train_0205,2,0.943254828453064,3591
chartqa_train_0205,3,0.9326172471046448,3591
chartqa_train_0205,4,0.8809671998023987,3591
chartqa_train_0205,5,0.8842478394508362,3591
chartqa_train_0205,6,0.9085206389427185,3591
chartqa_train_0205,7,0.8667860627174377,3591
chartqa_train_0205,8,0.8361822366714478,3591
chartqa_train_0205,9,0.8395617008209229,3591
chartqa_train_0205,10,0.887582004070282,3591
chartqa_train_0205,11,0.8621907234191895,3591
chartqa_train_0205,12,0.8879222273826599,3591
chartqa_train_0205,13,0.9031506776809692,3591
chartqa_train_0205,14,0.7959933280944824,3591
chartqa_train_0205,15,0.8422484397888184,3591
chartqa_train_0205,16,0.8223848938941956,3591
chartqa_train_0205,17,0.8602249026298523,3591
chartqa_train_0205,18,0.8778882026672363,3591
chartqa_train_0205,19,0.8287400603294373,3591
chartqa_train_0205,20,0.8679459691047668,3591
chartqa_train_0205,21,0.7790992856025696,3591
chartqa_train_0205,22,0.7996951341629028,3591
chartqa_train_0205,23,0.8216296434402466,3591
chartqa_train_0205,24,0.8803936243057251,3591
chartqa_train_0205,25,0.8825823068618774,3591
chartqa_train_0205,26,0.8562907576560974,3591
chartqa_train_0205,27,0.8756870627403259,3591
chartqa_train_0206,0,0.8871357440948486,1485
chartqa_train_0206,1,0.8901077508926392,1485
chartqa_train_0206,2,0.891541063785553,1485
chartqa_train_0206,3,0.9026100039482117,1485
chartqa_train_0206,4,0.8264103531837463,1485
chartqa_train_0206,5,0.8732452988624573,1485
chartqa_train_0206,6,0.8486828207969666,1485
chartqa_train_0206,7,0.8911993503570557,1485
chartqa_train_0206,8,0.8958373665809631,1485
chartqa_train_0206,9,0.8591849207878113,1485
chartqa_train_0206,10,0.9089133143424988,1485
chartqa_train_0206,11,0.9023022651672363,1485
chartqa_train_0206,12,0.8963821530342102,1485
chartqa_train_0206,13,0.9089024066925049,1485
chartqa_train_0206,14,0.833408534526825,1485
chartqa_train_0206,15,0.8943923115730286,1485
chartqa_train_0206,16,0.8723961114883423,1485
chartqa_train_0206,17,0.9097963571548462,1485
chartqa_train_0206,18,0.9055103063583374,1485
chartqa_train_0206,19,0.8492840528488159,1485
chartqa_train_0206,20,0.8708695769309998,1485
chartqa_train_0206,21,0.8683491945266724,1485
chartqa_train_0206,22,0.8460603952407837,1485
chartqa_train_0206,23,0.865519642829895,1485
chartqa_train_0206,24,0.8281747698783875,1485
chartqa_train_0206,25,0.8754927515983582,1485
chartqa_train_0206,26,0.8111258149147034,1485
chartqa_train_0206,27,0.822689414024353,1485
chartqa_train_0208,0,0.9124289155006409,1620
chartqa_train_0208,1,0.8986631631851196,1620
chartqa_train_0208,2,0.932163655757904,1620
chartqa_train_0208,3,0.9235398173332214,1620
chartqa_train_0208,4,0.8110045790672302,1620
chartqa_train_0208,5,0.8885284066200256,1620
chartqa_train_0208,6,0.9266260862350464,1620
chartqa_train_0208,7,0.9150241613388062,1620
chartqa_train_0208,8,0.7843795418739319,1620
chartqa_train_0208,9,0.8884460926055908,1620
chartqa_train_0208,10,0.9231361150741577,1620
chartqa_train_0208,11,0.8725754022598267,1620
chartqa_train_0208,12,0.8785204887390137,1620
chartqa_train_0208,13,0.8985087275505066,1620
chartqa_train_0208,14,0.7808908820152283,1620
chartqa_train_0208,15,0.7505002617835999,1620
chartqa_train_0208,16,0.765398383140564,1620
chartqa_train_0208,17,0.7730298042297363,1620
chartqa_train_0208,18,0.8580893874168396,1620
chartqa_train_0208,19,0.7730557918548584,1620
chartqa_train_0208,20,0.826999843120575,1620
chartqa_train_0208,21,0.8089188933372498,1620
chartqa_train_0208,22,0.7661963701248169,1620
chartqa_train_0208,23,0.8279678225517273,1620
chartqa_train_0208,24,0.8941094279289246,1620
chartqa_train_0208,25,0.7981946468353271,1620
chartqa_train_0208,26,0.819018542766571,1620
chartqa_train_0208,27,,1620
chartqa_train_0210,0,0.9127717614173889,2599
chartqa_train_0210,1,0.9088246822357178,2599
chartqa_train_0210,2,0.9482935070991516,2599
chartqa_train_0210,3,0.9363176822662354,2599
chartqa_train_0210,4,0.8311597108840942,2599
chartqa_train_0210,5,0.8912122249603271,2599
chartqa_train_0210,6,0.9108280539512634,2599
chartqa_train_0210,7,0.8947477340698242,2599
chartqa_train_0210,8,0.7217181324958801,2599
chartqa_train_0210,9,0.8498099446296692,2599
chartqa_train_0210,10,0.8956506252288818,2599
chartqa_train_0210,11,0.8543516993522644,2599
chartqa_train_0210,12,0.8826262950897217,2599
chartqa_train_0210,13,0.8987970352172852,2599
chartqa_train_0210,14,0.7483675479888916,2599
chartqa_train_0210,15,0.7617346048355103,2599
chartqa_train_0210,16,0.7911106944084167,2599
chartqa_train_0210,17,0.8046461343765259,2599
chartqa_train_0210,18,0.8251579999923706,2599
chartqa_train_0210,19,0.7715176939964294,2599
chartqa_train_0210,20,0.7591273784637451,2599
chartqa_train_0210,21,0.8190168142318726,2599
chartqa_train_0210,22,0.7265474796295166,2599
chartqa_train_0210,23,0.8167799115180969,2599
chartqa_train_0210,24,0.8653985857963562,2599
chartqa_train_0210,25,0.7988966703414917,2599
chartqa_train_0210,26,0.8175146579742432,2599
chartqa_train_0210,27,,2599
chartqa_train_0211,0,0.9241840243339539,2599
chartqa_train_0211,1,0.9197983145713806,2599
chartqa_train_0211,2,0.9481517672538757,2599
chartqa_train_0211,3,0.941421389579773,2599
chartqa_train_0211,4,0.8844575881958008,2599
chartqa_train_0211,5,0.8909619450569153,2599
chartqa_train_0211,6,0.901107907295227,2599
chartqa_train_0211,7,0.8972123265266418,2599
chartqa_train_0211,8,0.8875902891159058,2599
chartqa_train_0211,9,0.8257699012756348,2599
chartqa_train_0211,10,0.8900542855262756,2599
chartqa_train_0211,11,0.8662695288658142,2599
chartqa_train_0211,12,0.8939133286476135,2599
chartqa_train_0211,13,0.8956197500228882,2599
chartqa_train_0211,14,0.7967398166656494,2599
chartqa_train_0211,15,0.8566003441810608,2599
chartqa_train_0211,16,0.7272504568099976,2599
chartqa_train_0211,17,0.7853146195411682,2599
chartqa_train_0211,18,0.7956311106681824,2599
chartqa_train_0211,19,0.6870540976524353,2599
chartqa_train_0211,20,0.7148258090019226,2599
chartqa_train_0211,21,0.688353955745697,2599
chartqa_train_0211,22,0.6357735991477966,2599
chartqa_train_0211,23,0.774709939956665,2599
chartqa_train_0211,24,0.8679753541946411,2599
chartqa_train_0211,25,0.8261110782623291,2599
chartqa_train_0211,26,0.8630818128585815,2599
chartqa_train_0211,27,,2599
chartqa_train_0213,0,0.895327627658844,3375
chartqa_train_0213,1,0.895443320274353,3375
chartqa_train_0213,2,0.9247221350669861,3375
chartqa_train_0213,3,0.9052259922027588,3375
chartqa_train_0213,4,0.8937650322914124,3375
chartqa_train_0213,5,0.8811544179916382,3375
chartqa_train_0213,6,0.9100760817527771,3375
chartqa_train_0213,7,0.8779270052909851,3375
chartqa_train_0213,8,0.8450074791908264,3375
chartqa_train_0213,9,0.8478678464889526,3375
chartqa_train_0213,10,0.8951652646064758,3375
chartqa_train_0213,11,0.8548149466514587,3375
chartqa_train_0213,12,0.878450870513916,3375
chartqa_train_0213,13,0.8924595713615417,3375
chartqa_train_0213,14,0.7755600810050964,3375
chartqa_train_0213,15,0.8844390511512756,3375
chartqa_train_0213,16,0.7711116075515747,3375
chartqa_train_0213,17,0.7889465093612671,3375
chartqa_train_0213,18,0.8645802140235901,3375
chartqa_train_0213,19,0.6123239398002625,3375
chartqa_train_0213,20,0.7636224627494812,3375
chartqa_train_0213,21,0.6680100560188293,3375
chartqa_train_0213,22,0.6357864737510681,3375
chartqa_train_0213,23,0.7303434610366821,3375
chartqa_train_0213,24,0.878481924533844,3375
chartqa_train_0213,25,0.8669491410255432,3375
chartqa_train_0213,26,0.8415728211402893,3375
chartqa_train_0213,27,,3375
chartqa_train_0219,0,0.9193869829177856,1793
chartqa_train_0219,1,0.910868763923645,1793
chartqa_train_0219,2,0.9447978138923645,1793
chartqa_train_0219,3,0.9465861916542053,1793
chartqa_train_0219,4,0.8664391040802002,1793
chartqa_train_0219,5,0.9065462350845337,1793
chartqa_train_0219,6,0.9021614789962769,1793
chartqa_train_0219,7,0.9109077453613281,1793
chartqa_train_0219,8,0.8290662169456482,1793
chartqa_train_0219,9,0.8755685091018677,1793
chartqa_train_0219,10,0.9140873551368713,1793
chartqa_train_0219,11,0.9005481600761414,1793
chartqa_train_0219,12,0.9139593243598938,1793
chartqa_train_0219,13,0.9299959540367126,1793
chartqa_train_0219,14,0.8768618106842041,1793
chartqa_train_0219,15,0.8411712050437927,1793
chartqa_train_0219,16,0.861913800239563,1793
chartqa_train_0219,17,0.8592080473899841,1793
chartqa_train_0219,18,0.8948561549186707,1793
chartqa_train_0219,19,0.8598379492759705,1793
chartqa_train_0219,20,0.8815892934799194,1793
chartqa_train_0219,21,0.8442109227180481,1793
chartqa_train_0219,22,0.8087269067764282,1793
chartqa_train_0219,23,0.8428363800048828,1793
chartqa_train_0219,24,0.8698915243148804,1793
chartqa_train_0219,25,0.8810117244720459,1793
chartqa_train_0219,26,0.867736279964447,1793
chartqa_train_0219,27,,1793
chartqa_train_0221,0,0.8880445957183838,3159
chartqa_train_0221,1,0.9051063656806946,3159
chartqa_train_0221,2,0.9322567582130432,3159
chartqa_train_0221,3,0.9034854769706726,3159
chartqa_train_0221,4,0.8079095482826233,3159
chartqa_train_0221,5,0.8853628635406494,3159
chartqa_train_0221,6,0.9060013294219971,3159
chartqa_train_0221,7,0.9115418195724487,3159
chartqa_train_0221,8,0.7051869630813599,3159
chartqa_train_0221,9,0.8272089958190918,3159
chartqa_train_0221,10,0.8693284392356873,3159
chartqa_train_0221,11,0.8434780836105347,3159
chartqa_train_0221,12,0.8626190423965454,3159
chartqa_train_0221,13,0.8885181546211243,3159
chartqa_train_0221,14,0.8065414428710938,3159
chartqa_train_0221,15,0.8193673491477966,3159
chartqa_train_0221,16,0.8276100754737854,3159
chartqa_train_0221,17,0.8470560908317566,3159
chartqa_train_0221,18,0.8984628915786743,3159
chartqa_train_0221,19,0.8137216567993164,3159
chartqa_train_0221,20,0.8404191732406616,3159
chartqa_train_0221,21,0.8160074353218079,3159
chartqa_train_0221,22,0.742525041103363,3159
chartqa_train_0221,23,0.7896685004234314,3159
chartqa_train_0221,24,0.7511796951293945,3159
chartqa_train_0221,25,0.8545527458190918,3159
chartqa_train_0221,26,0.8133922219276428,3159
chartqa_train_0221,27,0.8198529481887817,3159
chartqa_train_0225,0,0.9168204665184021,1681
chartqa_train_0225,1,0.914679765701294,1681
chartqa_train_0225,2,0.9496597051620483,1681
chartqa_train_0225,3,0.9416948556900024,1681
chartqa_train_0225,4,0.8889715075492859,1681
chartqa_train_0225,5,0.9097111225128174,1681
chartqa_train_0225,6,0.8928534984588623,1681
chartqa_train_0225,7,0.9043285250663757,1681
chartqa_train_0225,8,0.9062544703483582,1681
chartqa_train_0225,9,0.8552825450897217,1681
chartqa_train_0225,10,0.9126262664794922,1681
chartqa_train_0225,11,0.8838292360305786,1681
chartqa_train_0225,12,0.9037076234817505,1681
chartqa_train_0225,13,0.9108417630195618,1681
chartqa_train_0225,14,0.8597872257232666,1681
chartqa_train_0225,15,0.880569577217102,1681
chartqa_train_0225,16,0.860526442527771,1681
chartqa_train_0225,17,0.8810556530952454,1681
chartqa_train_0225,18,0.8859021663665771,1681
chartqa_train_0225,19,0.852325439453125,1681
chartqa_train_0225,20,0.8436197638511658,1681
chartqa_train_0225,21,0.8270696401596069,1681
chartqa_train_0225,22,0.8048371076583862,1681
chartqa_train_0225,23,0.8049600124359131,1681
chartqa_train_0225,24,0.8867473602294922,1681
chartqa_train_0225,25,0.9056192636489868,1681
chartqa_train_0225,26,0.8992143869400024,1681
chartqa_train_0225,27,,1681
chartqa_train_0231,0,0.9274538159370422,1377
chartqa_train_0231,1,0.8975657224655151,1377
chartqa_train_0231,2,0.9069728851318359,1377
chartqa_train_0231,3,0.915810763835907,1377
chartqa_train_0231,4,0.8824778199195862,1377
chartqa_train_0231,5,0.8816437125205994,1377
chartqa_train_0231,6,0.918389081954956,1377
chartqa_train_0231,7,0.8923959732055664,1377
chartqa_train_0231,8,0.844752848148346,1377
chartqa_train_0231,9,0.8568024635314941,1377
chartqa_train_0231,10,0.9150599241256714,1377
chartqa_train_0231,11,0.8291766047477722,1377
chartqa_train_0231,12,0.856404721736908,1377
chartqa_train_0231,13,0.8760950565338135,1377
chartqa_train_0231,14,0.749880313873291,1377
chartqa_train_0231,15,0.8523340821266174,1377
chartqa_train_0231,16,0.8096886873245239,1377
chartqa_train_0231,17,0.7766039371490479,1377
chartqa_train_0231,18,0.8397166728973389,1377
chartqa_train_0231,19,0.7365660071372986,1377
chartqa_train_0231,20,0.784468948841095,1377
chartqa_train_0231,21,0.7821386456489563,1377
chartqa_train_0231,22,0.7170645594596863,1377
chartqa_train_0231,23,0.8022107481956482,1377
chartqa_train_0231,24,0.8901081085205078,1377
chartqa_train_0231,25,0.8047031164169312,1377
chartqa_train_0231,26,0.8504090309143066,1377
chartqa_train_0231,27,0.8601704835891724,1377
chartqa_train_0235,0,0.9155972003936768,1737
chartqa_train_0235,1,0.9008116126060486,1737
chartqa_train_0235,2,0.947275698184967,1737
chartqa_train_0235,3,0.9326925277709961,1737
chartqa_train_0235,4,0.8323883414268494,1737
chartqa_train_0235,5,0.856877863407135,1737
chartqa_train_0235,6,0.9342454671859741,1737
chartqa_train_0235,7,0.895331859588623,1737
chartqa_train_0235,8,0.6949145197868347,1737
chartqa_train_0235,9,0.8875423669815063,1737
chartqa_train_0235,10,0.9024258852005005,1737
chartqa_train_0235,11,0.8266331553459167,1737
chartqa_train_0235,12,0.8459514379501343,1737
chartqa_train_0235,13,0.8532395958900452,1737
chartqa_train_0235,14,0.6936927437782288,1737
chartqa_train_0235,15,0.7157290577888489,1737
chartqa_train_0235,16,0.7558625340461731,1737
chartqa_train_0235,17,0.7474293112754822,1737
chartqa_train_0235,18,0.8186876177787781,1737
chartqa_train_0235,19,0.6500868797302246,1737
chartqa_train_0235,20,0.7820502519607544,1737
chartqa_train_0235,21,0.7071862816810608,1737
chartqa_train_0235,22,0.6488860845565796,1737
chartqa_train_0235,23,0.7157387137413025,1737
chartqa_train_0235,24,0.8017355799674988,1737
chartqa_train_0235,25,0.7051540017127991,1737
chartqa_train_0235,26,0.7421960830688477,1737
chartqa_train_0235,27,0.8290683031082153,1737
chartqa_train_0236,0,0.929573655128479,1681
chartqa_train_0236,1,0.9179689288139343,1681
chartqa_train_0236,2,0.9445379376411438,1681
chartqa_train_0236,3,0.9351205825805664,1681
chartqa_train_0236,4,0.876333475112915,1681
chartqa_train_0236,5,0.8740785121917725,1681
chartqa_train_0236,6,0.8735872507095337,1681
chartqa_train_0236,7,0.8770990967750549,1681
chartqa_train_0236,8,0.8906205296516418,1681
chartqa_train_0236,9,0.7742075324058533,1681
chartqa_train_0236,10,0.8800223469734192,1681
chartqa_train_0236,11,0.8598787784576416,1681
chartqa_train_0236,12,0.8665984272956848,1681
chartqa_train_0236,13,0.8719443678855896,1681
chartqa_train_0236,14,0.8675234913825989,1681
chartqa_train_0236,15,0.8946715593338013,1681
chartqa_train_0236,16,0.865354061126709,1681
chartqa_train_0236,17,0.8900690078735352,1681
chartqa_train_0236,18,0.8745970129966736,1681
chartqa_train_0236,19,0.8618515133857727,1681
chartqa_train_0236,20,0.8737340569496155,1681
chartqa_train_0236,21,0.8719549179077148,1681
chartqa_train_0236,22,0.8497047424316406,1681
chartqa_train_0236,23,0.865913987159729,1681
chartqa_train_0236,24,0.861153781414032,1681
chartqa_train_0236,25,0.8714122772216797,1681
chartqa_train_0236,26,0.8280526995658875,1681
chartqa_train_0236,27,0.8613983392715454,1681
chartqa_train_0237,0,0.926031231880188,1681
chartqa_train_0237,1,0.9078376293182373,1681
chartqa_train_0237,2,0.9492550492286682,1681
chartqa_train_0237,3,0.9338783621788025,1681
chartqa_train_0237,4,0.8096606731414795,1681
chartqa_train_0237,5,0.8763197064399719,1681
chartqa_train_0237,6,0.9248545169830322,1681
chartqa_train_0237,7,0.8756226301193237,1681
chartqa_train_0237,8,0.7760912179946899,1681
chartqa_train_0237,9,0.8481090068817139,1681
chartqa_train_0237,10,0.8889238238334656,1681
chartqa_train_0237,11,0.8000268936157227,1681
chartqa_train_0237,12,0.8267080187797546,1681
chartqa_train_0237,13,0.8260871767997742,1681
chartqa_train_0237,14,0.7112296223640442,1681
chartqa_train_0237,15,0.7274137735366821,1681
chartqa_train_0237,16,0.7150849103927612,1681
chartqa_train_0237,17,0.7276461720466614,1681
chartqa_train_0237,18,0.7822797298431396,1681
chartqa_train_0237,19,0.7080532908439636,1681
chartqa_train_0237,20,0.7675262093544006,1681
chartqa_train_0237,21,0.712058961391449,1681
chartqa_train_0237,22,0.6891225576400757,1681
chartqa_train_0237,23,0.7626095414161682,1681
chartqa_train_0237,24,0.8076959252357483,1681
chartqa_train_0237,25,0.7955144643783569,1681
chartqa_train_0237,26,0.7996271252632141,1681
chartqa_train_0237,27,0.8764384388923645,1681
chartqa_train_0238,0,0.9108358025550842,1377
chartqa_train_0238,1,0.9026503562927246,1377
chartqa_train_0238,2,0.8835135698318481,1377
chartqa_train_0238,3,0.8937715888023376,1377
chartqa_train_0238,4,0.8644263744354248,1377
chartqa_train_0238,5,0.860077977180481,1377
chartqa_train_0238,6,0.8636670708656311,1377
chartqa_train_0238,7,0.8722986578941345,1377
chartqa_train_0238,8,0.8668919205665588,1377
chartqa_train_0238,9,0.7807552814483643,1377
chartqa_train_0238,10,0.868270993232727,1377
chartqa_train_0238,11,0.8547506928443909,1377
chartqa_train_0238,12,0.8391466736793518,1377
chartqa_train_0238,13,0.8469393253326416,1377
chartqa_train_0238,14,0.875277578830719,1377
chartqa_train_0238,15,0.8113921284675598,1377
chartqa_train_0238,16,0.869153618812561,1377
chartqa_train_0238,17,0.8627955317497253,1377
chartqa_train_0238,18,0.8947468996047974,1377
chartqa_train_0238,19,0.8368262648582458,1377
chartqa_train_0238,20,0.8168782591819763,1377
chartqa_train_0238,21,0.80921471118927,1377
chartqa_train_0238,22,0.7801697850227356,1377
chartqa_train_0238,23,0.8165096640586853,1377
chartqa_train_0238,24,0.8698943853378296,1377
chartqa_train_0238,25,0.8389408588409424,1377
chartqa_train_0238,26,0.8411651253700256,1377
chartqa_train_0238,27,0.8420159220695496,1377
chartqa_train_0247,0,0.9294028282165527,1737
chartqa_train_0247,1,0.9247459769248962,1737
chartqa_train_0247,2,0.9516388177871704,1737
chartqa_train_0247,3,0.9516891241073608,1737
chartqa_train_0247,4,0.8616774678230286,1737
chartqa_train_0247,5,0.8898309469223022,1737
chartqa_train_0247,6,0.8964840769767761,1737
chartqa_train_0247,7,0.8970898985862732,1737
chartqa_train_0247,8,0.8888816833496094,1737
chartqa_train_0247,9,0.8331336975097656,1737
chartqa_train_0247,10,0.910531222820282,1737
chartqa_train_0247,11,0.8864223957061768,1737
chartqa_train_0247,12,0.8842169046401978,1737
chartqa_train_0247,13,0.9035449624061584,1737
chartqa_train_0247,14,0.818850040435791,1737
chartqa_train_0247,15,0.8469091653823853,1737
chartqa_train_0247,16,0.8125432133674622,1737
chartqa_train_0247,17,0.8601313829421997,1737
chartqa_train_0247,18,0.8302392959594727,1737
chartqa_train_0247,19,0.7164090871810913,1737
chartqa_train_0247,20,0.7792143821716309,1737
chartqa_train_0247,21,0.8142949938774109,1737
chartqa_train_0247,22,0.7932326793670654,1737
chartqa_train_0247,23,0.7976612448692322,1737
chartqa_train_0247,24,0.8886449337005615,1737
chartqa_train_0247,25,0.9063432812690735,1737
chartqa_train_0247,26,0.8479651212692261,1737
chartqa_train_0247,27,,1737
chartqa_train_0251,0,0.9248354434967041,1431
chartqa_train_0251,1,0.9137483239173889,1431
chartqa_train_0251,2,0.9178323745727539,1431
chartqa_train_0251,3,0.9211385846138,1431
chartqa_train_0251,4,0.8788092136383057,1431
chartqa_train_0251,5,0.8914042711257935,1431
chartqa_train_0251,6,0.8928259611129761,1431
chartqa_train_0251,7,0.9064331650733948,1431
chartqa_train_0251,8,0.834057092666626,1431
chartqa_train_0251,9,0.8731644153594971,1431
chartqa_train_0251,10,0.9168518781661987,1431
chartqa_train_0251,11,0.8758553862571716,1431
chartqa_train_0251,12,0.8761991858482361,1431
chartqa_train_0251,13,0.8950490355491638,1431
chartqa_train_0251,14,0.7882761359214783,1431
chartqa_train_0251,15,0.8347241878509521,1431
chartqa_train_0251,16,0.8293521404266357,1431
chartqa_train_0251,17,0.8225182294845581,1431
chartqa_train_0251,18,0.8425891399383545,1431
chartqa_train_0251,19,0.8504388928413391,1431
chartqa_train_0251,20,0.8352050185203552,1431
chartqa_train_0251,21,0.8411319851875305,1431
chartqa_train_0251,22,0.6977340579032898,1431
chartqa_train_0251,23,0.7405450344085693,1431
chartqa_train_0251,24,0.8469147086143494,1431
chartqa_train_0251,25,0.7624590396881104,1431
chartqa_train_0251,26,0.8677564859390259,1431
chartqa_train_0251,27,,1431
chartqa_train_0254,0,0.8799169063568115,3375
chartqa_train_0254,1,0.8843831419944763,3375
chartqa_train_0254,2,0.9129741191864014,3375
chartqa_train_0254,3,0.9041488766670227,3375
chartqa_train_0254,4,0.8548350930213928,3375
chartqa_train_0254,5,0.8516722321510315,3375
chartqa_train_0254,6,0.8818835020065308,3375
chartqa_train_0254,7,0.8824307322502136,3375
chartqa_train_0254,8,0.8578590750694275,3375
chartqa_train_0254,9,0.8022412061691284,3375
chartqa_train_0254,10,0.8640105128288269,3375
chartqa_train_0254,11,0.8771098852157593,3375
chartqa_train_0254,12,0.8800615668296814,3375
chartqa_train_0254,13,0.8922322988510132,3375
chartqa_train_0254,14,0.8045830130577087,3375
chartqa_train_0254,15,0.8123292326927185,3375
chartqa_train_0254,16,0.8068439364433289,3375
chartqa_train_0254,17,0.8267154097557068,3375
chartqa_train_0254,18,0.8950144648551941,3375
chartqa_train_0254,19,0.6988527178764343,3375
chartqa_train_0254,20,0.8029547333717346,3375
chartqa_train_0254,21,0.8165355920791626,3375
chartqa_train_0254,22,0.746353268623352,3375
chartqa_train_0254,23,0.7530495524406433,3375
chartqa_train_0254,24,0.759381115436554,3375
chartqa_train_0254,25,0.7921032905578613,3375
chartqa_train_0254,26,0.7272406816482544,3375
chartqa_train_0254,27,0.7314608097076416,3375
chartqa_train_0255,0,0.8907531499862671,3375
chartqa_train_0255,1,0.8907555341720581,3375
chartqa_train_0255,2,0.9288202524185181,3375
chartqa_train_0255,3,0.920620322227478,3375
chartqa_train_0255,4,0.8707215189933777,3375
chartqa_train_0255,5,0.8470311760902405,3375
chartqa_train_0255,6,0.911624014377594,3375
chartqa_train_0255,7,0.8665893077850342,3375
chartqa_train_0255,8,0.8242793083190918,3375
chartqa_train_0255,9,0.823610246181488,3375
chartqa_train_0255,10,0.8905661702156067,3375
chartqa_train_0255,11,0.8332366943359375,3375
chartqa_train_0255,12,0.8386220335960388,3375
chartqa_train_0255,13,0.8031906485557556,3375
chartqa_train_0255,14,0.697655200958252,3375
chartqa_train_0255,15,0.8920366764068604,3375
chartqa_train_0255,16,0.7923308610916138,3375
chartqa_train_0255,17,0.7936882972717285,3375
chartqa_train_0255,18,0.8442180156707764,3375
chartqa_train_0255,19,0.6258179545402527,3375
chartqa_train_0255,20,0.7239871025085449,3375
chartqa_train_0255,21,0.6641021370887756,3375
chartqa_train_0255,22,0.6454083919525146,3375
chartqa_train_0255,23,0.76369309425354,3375
chartqa_train_0255,24,0.8698825240135193,3375
chartqa_train_0255,25,0.8657353520393372,3375
chartqa_train_0255,26,0.8310713768005371,3375
chartqa_train_0255,27,0.867607593536377,3375
chartqa_train_0256,0,0.9191694259643555,1377
chartqa_train_0256,1,0.8899427652359009,1377
chartqa_train_0256,2,0.9098321199417114,1377
chartqa_train_0256,3,0.9155392050743103,1377
chartqa_train_0256,4,0.7963064908981323,1377
chartqa_train_0256,5,0.873046875,1377
chartqa_train_0256,6,0.9353550672531128,1377
chartqa_train_0256,7,0.907739520072937,1377
chartqa_train_0256,8,0.8302684426307678,1377
chartqa_train_0256,9,0.8915566802024841,1377
chartqa_train_0256,10,0.9217378497123718,1377
chartqa_train_0256,11,0.8399390578269958,1377
chartqa_train_0256,12,0.8692435622215271,1377
chartqa_train_0256,13,0.8777971267700195,1377
chartqa_train_0256,14,0.7342770099639893,1377
chartqa_train_0256,15,0.7579947113990784,1377
chartqa_train_0256,16,0.7442607283592224,1377
chartqa_train_0256,17,0.7954574823379517,1377
chartqa_train_0256,18,0.8535019755363464,1377
chartqa_train_0256,19,0.7427884936332703,1377
chartqa_train_0256,20,0.7849828004837036,1377
chartqa_train_0256,21,0.7865080833435059,1377
chartqa_train_0256,22,0.7296959757804871,1377
chartqa_train_0256,23,0.8038350939750671,1377
chartqa_train_0256,24,0.8504883646965027,1377
chartqa_train_0256,25,0.7818294167518616,1377
chartqa_train_0256,26,0.7926051020622253,1377
chartqa_train_0256,27,,1377
chartqa_train_0259,0,0.923969566822052,1377
chartqa_train_0259,1,0.9156937003135681,1377
chartqa_train_0259,2,0.9008951187133789,1377
chartqa_train_0259,3,0.9163743853569031,1377
chartqa_train_0259,4,0.8021889925003052,1377
chartqa_train_0259,5,0.8557417392730713,1377
chartqa_train_0259,6,0.9132834076881409,1377
chartqa_train_0259,7,0.882438063621521,1377
chartqa_train_0259,8,0.8824468851089478,1377
chartqa_train_0259,9,0.8465179204940796,1377
chartqa_train_0259,10,0.9150928258895874,1377
chartqa_train_0259,11,0.8882200717926025,1377
chartqa_train_0259,12,0.8933507204055786,1377
chartqa_train_0259,13,0.9196831583976746,1377
chartqa_train_0259,14,0.7837456464767456,1377
chartqa_train_0259,15,0.7971625924110413,1377
chartqa_train_0259,16,0.8007530570030212,1377
chartqa_train_0259,17,0.840086042881012,1377
chartqa_train_0259,18,0.8409557342529297,1377
chartqa_train_0259,19,0.6488344669342041,1377
chartqa_train_0259,20,0.7249759435653687,1377
chartqa_train_0259,21,0.6920597553253174,1377
chartqa_train_0259,22,0.6281936764717102,1377
chartqa_train_0259,23,0.7012611031532288,1377
chartqa_train_0259,24,0.9021845459938049,1377
chartqa_train_0259,25,0.8111233115196228,1377
chartqa_train_0259,26,0.8379373550415039,1377
chartqa_train_0259,27,0.8732632398605347,1377
chartqa_train_0262,0,0.9077000617980957,1485
chartqa_train_0262,1,0.8994695544242859,1485
chartqa_train_0262,2,0.9039025902748108,1485
chartqa_train_0262,3,0.8991121649742126,1485
chartqa_train_0262,4,0.8410605788230896,1485
chartqa_train_0262,5,0.8640419244766235,1485
chartqa_train_0262,6,0.8439421057701111,1485
chartqa_train_0262,7,0.8939205408096313,1485
chartqa_train_0262,8,0.8729239702224731,1485
chartqa_train_0262,9,0.8221995830535889,1485
chartqa_train_0262,10,0.9070152044296265,1485
chartqa_train_0262,11,0.8790900707244873,1485
chartqa_train_0262,12,0.8756371736526489,1485
chartqa_train_0262,13,0.893715500831604,1485
chartqa_train_0262,14,0.8714339733123779,1485
chartqa_train_0262,15,0.9054139852523804,1485
chartqa_train_0262,16,0.8607046604156494,1485
chartqa_train_0262,17,0.9131722450256348,1485
chartqa_train_0262,18,0.9105035066604614,1485
chartqa_train_0262,19,0.8692266345024109,1485
chartqa_train_0262,20,0.840352475643158,1485
chartqa_train_0262,21,0.8324736952781677,1485
chartqa_train_0262,22,0.8060118556022644,1485
chartqa_train_0262,23,0.8335828185081482,1485
chartqa_train_0262,24,0.8814353346824646,1485
chartqa_train_0262,25,0.8362069129943848,1485
chartqa_train_0262,26,0.8301250338554382,1485
chartqa_train_0262,27,0.8775233030319214,1485
chartqa_train_0263,0,0.9170412421226501,1485
chartqa_train_0263,1,0.9078947305679321,1485
chartqa_train_0263,2,0.923028826713562,1485
chartqa_train_0263,3,0.9265977740287781,1485
chartqa_train_0263,4,0.8886632323265076,1485
chartqa_train_0263,5,0.8932967782020569,1485
chartqa_train_0263,6,0.9126835465431213,1485
chartqa_train_0263,7,0.8990739583969116,1485
chartqa_train_0263,8,0.8700579404830933,1485
chartqa_train_0263,9,0.8697479367256165,1485
chartqa_train_0263,10,0.9293808937072754,1485
chartqa_train_0263,11,0.8885775804519653,1485
chartqa_train_0263,12,0.881597638130188,1485
chartqa_train_0263,13,0.8980650901794434,1485
chartqa_train_0263,14,0.8165870308876038,1485
chartqa_train_0263,15,0.8844748139381409,1485
chartqa_train_0263,16,0.8225575685501099,1485
chartqa_train_0263,17,0.8438253402709961,1485
chartqa_train_0263,18,0.8705519437789917,1485
chartqa_train_0263,19,0.873162567615509,1485
chartqa_train_0263,20,0.8355083465576172,1485
chartqa_train_0263,21,0.7688307166099548,1485
chartqa_train_0263,22,0.6978048086166382,1485
chartqa_train_0263,23,0.8319924473762512,1485
chartqa_train_0263,24,0.8872918486595154,1485
chartqa_train_0263,25,0.81600421667099,1485
chartqa_train_0263,26,0.861196756362915,1485
chartqa_train_0263,27,,1485
chartqa_train_0264,0,0.9166402220726013,1431
chartqa_train_0264,1,0.9009506702423096,1431
chartqa_train_0264,2,0.9156200289726257,1431
chartqa_train_0264,3,0.9180092811584473,1431
chartqa_train_0264,4,0.8838202953338623,1431
chartqa_train_0264,5,0.8886770009994507,1431
chartqa_train_0264,6,0.8779726624488831,1431
chartqa_train_0264,7,0.8809394836425781,1431
chartqa_train_0264,8,0.8728189468383789,1431
chartqa_train_0264,9,0.8331047296524048,1431
chartqa_train_0264,10,0.9101020693778992,1431
chartqa_train_0264,11,0.8673966526985168,1431
chartqa_train_0264,12,0.8893551230430603,1431
chartqa_train_0264,13,0.9043014645576477,1431
chartqa_train_0264,14,0.8377615809440613,1431
chartqa_train_0264,15,0.8487511873245239,1431
chartqa_train_0264,16,0.8581268191337585,1431
chartqa_train_0264,17,0.8762500882148743,1431
chartqa_train_0264,18,0.8987872004508972,1431
chartqa_train_0264,19,0.8533834218978882,1431
chartqa_train_0264,20,0.8428755402565002,1431
chartqa_train_0264,21,0.8434847593307495,1431
chartqa_train_0264,22,0.7286827564239502,1431
chartqa_train_0264,23,0.8161661624908447,1431
chartqa_train_0264,24,0.8883177638053894,1431
chartqa_train_0264,25,0.7973572611808777,1431
chartqa_train_0264,26,0.8543075323104858,1431
chartqa_train_0264,27,,1431
chartqa_train_0265,0,0.9193249940872192,1431
chartqa_train_0265,1,0.9047144651412964,1431
chartqa_train_0265,2,0.9079439640045166,1431
chartqa_train_0265,3,0.9193302392959595,1431
chartqa_train_0265,4,0.8976897597312927,1431
chartqa_train_0265,5,0.8852136135101318,1431
chartqa_train_0265,6,0.8940847516059875,1431
chartqa_train_0265,7,0.8701656460762024,1431
chartqa_train_0265,8,0.8720132112503052,1431
chartqa_train_0265,9,0.8201920986175537,1431
chartqa_train_0265,10,0.9162998199462891,1431
chartqa_train_0265,11,0.809570848941803,1431
chartqa_train_0265,12,0.8205501437187195,1431
chartqa_train_0265,13,0.8679187893867493,1431
chartqa_train_0265,14,0.7599430084228516,1431
chartqa_train_0265,15,0.8744794130325317,1431
chartqa_train_0265,16,0.7866947650909424,1431
chartqa_train_0265,17,0.7910180687904358,1431
chartqa_train_0265,18,0.8111587166786194,1431
chartqa_train_0265,19,0.6012726426124573,1431
chartqa_train_0265,20,0.6978361010551453,1431
chartqa_train_0265,21,0.7186466455459595,1431
chartqa_train_0265,22,0.6562268733978271,1431
chartqa_train_0265,23,0.7749922871589661,1431
chartqa_train_0265,24,0.8762131333351135,1431
chartqa_train_0265,25,0.8572245836257935,1431
chartqa_train_0265,26,0.8652567267417908,1431
chartqa_train_0265,27,0.8787835836410522,1431
chartqa_train_0270,0,0.8872978091239929,3051
chartqa_train_0270,1,0.8949837684631348,3051
chartqa_train_0270,2,0.9399818778038025,3051
chartqa_train_0270,3,0.9338308572769165,3051
chartqa_train_0270,4,0.8250094652175903,3051
chartqa_train_0270,5,0.8817203640937805,3051
chartqa_train_0270,6,0.915369987487793,3051
chartqa_train_0270,7,0.872356116771698,3051
chartqa_train_0270,8,0.6692879796028137,3051
chartqa_train_0270,9,0.8475210070610046,3051
chartqa_train_0270,10,0.8698307871818542,3051
chartqa_train_0270,11,0.8167538642883301,3051
chartqa_train_0270,12,0.8373692631721497,3051
chartqa_train_0270,13,0.8429474234580994,3051
chartqa_train_0270,14,0.6958897113800049,3051
chartqa_train_0270,15,0.7588295936584473,3051
chartqa_train_0270,16,0.7529821991920471,3051
chartqa_train_0270,17,0.7815216183662415,3051
chartqa_train_0270,18,0.8256018161773682,3051
chartqa_train_0270,19,0.7417351007461548,3051
chartqa_train_0270,20,0.7940424084663391,3051
chartqa_train_0270,21,0.7694718241691589,3051
chartqa_train_0270,22,0.6489155292510986,3051
chartqa_train_0270,23,0.7709749341011047,3051
chartqa_train_0270,24,0.8741553425788879,3051
chartqa_train_0270,25,0.7734277844429016,3051
chartqa_train_0270,26,0.7634195685386658,3051
chartqa_train_0270,27,0.8717010617256165,3051
chartqa_train_0274,0,0.8772457838058472,3888
chartqa_train_0274,1,0.8927757143974304,3888
chartqa_train_0274,2,0.9346410036087036,3888
chartqa_train_0274,3,0.9271278977394104,3888
chartqa_train_0274,4,0.866698145866394,3888
chartqa_train_0274,5,0.8870411515235901,3888
chartqa_train_0274,6,0.8606546521186829,3888
chartqa_train_0274,7,0.8725956082344055,3888
chartqa_train_0274,8,0.835769534111023,3888
chartqa_train_0274,9,0.8312397599220276,3888
chartqa_train_0274,10,0.8808234930038452,3888
chartqa_train_0274,11,0.877158522605896,3888
chartqa_train_0274,12,0.8795992136001587,3888
chartqa_train_0274,13,0.8988733291625977,3888
chartqa_train_0274,14,0.826004147529602,3888
chartqa_train_0274,15,0.873627781867981,3888
chartqa_train_0274,16,0.8174402713775635,3888
chartqa_train_0274,17,0.8819848299026489,3888
chartqa_train_0274,18,0.9062220454216003,3888
chartqa_train_0274,19,0.7716916799545288,3888
chartqa_train_0274,20,0.855183482170105,3888
chartqa_train_0274,21,0.8746992349624634,3888
chartqa_train_0274,22,0.8277652263641357,3888
chartqa_train_0274,23,0.8398560881614685,3888
chartqa_train_0274,24,0.8208268880844116,3888
chartqa_train_0274,25,0.8857335448265076,3888
chartqa_train_0274,26,0.8417891263961792,3888
chartqa_train_0274,27,,3888
chartqa_train_0275,0,0.8773991465568542,3888
chartqa_train_0275,1,0.8922998905181885,3888
chartqa_train_0275,2,0.9348108172416687,3888
chartqa_train_0275,3,0.922618567943573,3888
chartqa_train_0275,4,0.8355998396873474,3888
chartqa_train_0275,5,0.8620442152023315,3888
chartqa_train_0275,6,0.8674885630607605,3888
chartqa_train_0275,7,0.8427993059158325,3888
chartqa_train_0275,8,0.8395511507987976,3888
chartqa_train_0275,9,0.7514293789863586,3888
chartqa_train_0275,10,0.8582284450531006,3888
chartqa_train_0275,11,0.8457130789756775,3888
chartqa_train_0275,12,0.8695386648178101,3888
chartqa_train_0275,13,0.8682464957237244,3888
chartqa_train_0275,14,0.8434612154960632,3888
chartqa_train_0275,15,0.8608066439628601,3888
chartqa_train_0275,16,0.8582209348678589,3888
chartqa_train_0275,17,0.886413037776947,3888
chartqa_train_0275,18,0.8872154355049133,3888
chartqa_train_0275,19,0.8316660523414612,3888
chartqa_train_0275,20,0.8743519186973572,3888
chartqa_train_0275,21,0.8821989297866821,3888
chartqa_train_0275,22,0.8203078508377075,3888
chartqa_train_0275,23,0.8412891626358032,3888
chartqa_train_0275,24,0.8628807067871094,3888
chartqa_train_0275,25,0.8809162378311157,3888
chartqa_train_0275,26,0.8054582476615906,3888
chartqa_train_0275,27,0.8318191170692444,3888
chartqa_train_0277,0,0.9198409914970398,1737
chartqa_train_0277,1,0.9196346998214722,1737
chartqa_train_0277,2,0.9332797527313232,1737
chartqa_train_0277,3,0.9369782209396362,1737
chartqa_train_0277,4,0.8476042151451111,1737
chartqa_train_0277,5,0.8794186115264893,1737
chartqa_train_0277,6,0.8655035495758057,1737
chartqa_train_0277,7,0.8633742332458496,1737
chartqa_train_0277,8,0.8555299043655396,1737
chartqa_train_0277,9,0.7650474905967712,1737
chartqa_train_0277,10,0.866827130317688,1737
chartqa_train_0277,11,0.8631475567817688,1737
chartqa_train_0277,12,0.8472497463226318,1737
chartqa_train_0277,13,0.847927451133728,1737
chartqa_train_0277,14,0.8038144707679749,1737
chartqa_train_0277,15,0.8886934518814087,1737
chartqa_train_0277,16,0.8515406847000122,1737
chartqa_train_0277,17,0.8736116290092468,1737
chartqa_train_0277,18,0.8793957233428955,1737
chartqa_train_0277,19,0.8417308926582336,1737
chartqa_train_0277,20,0.8441809415817261,1737
chartqa_train_0277,21,0.8378321528434753,1737
chartqa_train_0277,22,0.8578894734382629,1737
chartqa_train_0277,23,0.8573181629180908,1737
chartqa_train_0277,24,0.8856425881385803,1737
chartqa_train_0277,25,0.8858567476272583,1737
chartqa_train_0277,26,0.8275582790374756,1737
chartqa_train_0277,27,0.8511517643928528,1737
chartqa_train_0279,0,0.9290947914123535,1681
chartqa_train_0279,1,0.9195740222930908,1681
chartqa_train_0279,2,0.9339656829833984,1681
chartqa_train_0279,3,0.9293908476829529,1681
chartqa_train_0279,4,0.8590026497840881,1681
chartqa_train_0279,5,0.8736814260482788,1681
chartqa_train_0279,6,0.8544855713844299,1681
chartqa_train_0279,7,0.8496621251106262,1681
chartqa_train_0279,8,0.8641120195388794,1681
chartqa_train_0279,9,0.7585000395774841,1681
chartqa_train_0279,10,0.8711979389190674,1681
chartqa_train_0279,11,0.8665333986282349,1681
chartqa_train_0279,12,0.8522956967353821,1681
chartqa_train_0279,13,0.8698619604110718,1681
chartqa_train_0279,14,0.8727566003799438,1681
chartqa_train_0279,15,0.903782308101654,1681
chartqa_train_0279,16,0.8820146918296814,1681
chartqa_train_0279,17,0.8939938545227051,1681
chartqa_train_0279,18,0.893460750579834,1681
chartqa_train_0279,19,0.8841005563735962,1681
chartqa_train_0279,20,0.9004778265953064,1681
chartqa_train_0279,21,0.8931871056556702,1681
chartqa_train_0279,22,0.8526254892349243,1681
chartqa_train_0279,23,0.8721982836723328,1681
chartqa_train_0279,24,0.8665696382522583,1681
chartqa_train_0279,25,0.8874838352203369,1681
chartqa_train_0279,26,0.8431015610694885,1681
chartqa_train_0279,27,0.8663865923881531,1681
chartqa_train_0283,0,0.9156083464622498,1793
chartqa_train_0283,1,0.9196995496749878,1793
chartqa_train_0283,2,0.9483792185783386,1793
chartqa_train_0283,3,0.9279407262802124,1793
chartqa_train_0283,4,0.825636625289917,1793
chartqa_train_0283,5,0.8753558993339539,1793
chartqa_train_0283,6,0.8972539305686951,1793
chartqa_train_0283,7,0.8856050372123718,1793
chartqa_train_0283,8,0.7584222555160522,1793
chartqa_train_0283,9,0.8437734246253967,1793
chartqa_train_0283,10,0.9000194072723389,1793
chartqa_train_0283,11,0.8694549202919006,1793
chartqa_train_0283,12,0.8951940536499023,1793
chartqa_train_0283,13,0.9144338965415955,1793
chartqa_train_0283,14,0.8234678506851196,1793
chartqa_train_0283,15,0.7927095293998718,1793
chartqa_train_0283,16,0.8028591871261597,1793
chartqa_train_0283,17,0.811017632484436,1793
chartqa_train_0283,18,0.8453748822212219,1793
chartqa_train_0283,19,0.7947503924369812,1793
chartqa_train_0283,20,0.8139891028404236,1793
chartqa_train_0283,21,0.8304686546325684,1793
chartqa_train_0283,22,0.6974184513092041,1793
chartqa_train_0283,23,0.744687557220459,1793
chartqa_train_0283,24,0.8334614634513855,1793
chartqa_train_0283,25,0.8123562932014465,1793
chartqa_train_0283,26,0.8381369113922119,1793
chartqa_train_0283,27,0.8844088315963745,1793
chartqa_train_0285,0,0.8979271650314331,3483
chartqa_train_0285,1,0.9111529588699341,3483
chartqa_train_0285,2,0.926530122756958,3483
chartqa_train_0285,3,0.9100955724716187,3483
chartqa_train_0285,4,0.8353801965713501,3483
chartqa_train_0285,5,0.8683281540870667,3483
chartqa_train_0285,6,0.8557138442993164,3483
chartqa_train_0285,7,0.8432378172874451,3483
chartqa_train_0285,8,0.8378064036369324,3483
chartqa_train_0285,9,0.7586070895195007,3483
chartqa_train_0285,10,0.8633800745010376,3483
chartqa_train_0285,11,0.8552635312080383,3483
chartqa_train_0285,12,0.8802828192710876,3483
chartqa_train_0285,13,0.8794578313827515,3483
chartqa_train_0285,14,0.8219372630119324,3483
chartqa_train_0285,15,0.8621104955673218,3483
chartqa_train_0285,16,0.8793370127677917,3483
chartqa_train_0285,17,0.904374897480011,3483
chartqa_train_0285,18,0.8785545825958252,3483
chartqa_train_0285,19,0.8230529427528381,3483
chartqa_train_0285,20,0.8337463736534119,3483
chartqa_train_0285,21,0.783757209777832,3483
chartqa_train_0285,22,0.7806599140167236,3483
chartqa_train_0285,23,0.7196117639541626,3483
chartqa_train_0285,24,0.8434256315231323,3483
chartqa_train_0285,25,0.8733648061752319,3483
chartqa_train_0285,26,0.8055802583694458,3483
chartqa_train_0285,27,0.8166476488113403,3483
chartqa_train_0288,0,0.9208235144615173,1737
chartqa_train_0288,1,0.9165093898773193,1737
chartqa_train_0288,2,0.9442449808120728,1737
chartqa_train_0288,3,0.9476200938224792,1737
chartqa_train_0288,4,0.8709542155265808,1737
chartqa_train_0288,5,0.8952588438987732,1737
chartqa_train_0288,6,0.9268117547035217,1737
chartqa_train_0288,7,0.9166517853736877,1737
chartqa_train_0288,8,0.795256495475769,1737
chartqa_train_0288,9,0.8788478970527649,1737
chartqa_train_0288,10,0.9140790700912476,1737
chartqa_train_0288,11,0.8575981259346008,1737
chartqa_train_0288,12,0.8736280798912048,1737
chartqa_train_0288,13,0.8754327297210693,1737
chartqa_train_0288,14,0.7631399631500244,1737
chartqa_train_0288,15,0.7705772519111633,1737
chartqa_train_0288,16,0.7773810029029846,1737
chartqa_train_0288,17,0.8019882440567017,1737
chartqa_train_0288,18,0.8441464304924011,1737
chartqa_train_0288,19,0.7744457125663757,1737
chartqa_train_0288,20,0.8121073842048645,1737
chartqa_train_0288,21,0.8198397159576416,1737
chartqa_train_0288,22,0.722115695476532,1737
chartqa_train_0288,23,0.8364757895469666,1737
chartqa_train_0288,24,0.9104921817779541,1737
chartqa_train_0288,25,0.826258659362793,1737
chartqa_train_0288,26,0.8484211564064026,1737
chartqa_train_0288,27,,1737
chartqa_train_0289,0,0.9208582043647766,1737
chartqa_train_0289,1,0.92039954662323,1737
chartqa_train_0289,2,0.9351041913032532,1737
chartqa_train_0289,3,0.9348400831222534,1737
chartqa_train_0289,4,0.846397340297699,1737
chartqa_train_0289,5,0.8802062273025513,1737
chartqa_train_0289,6,0.8656492233276367,1737
chartqa_train_0289,7,0.8665900826454163,1737
chartqa_train_0289,8,0.8463929891586304,1737
chartqa_train_0289,9,0.7623811960220337,1737
chartqa_train_0289,10,0.8692436814308167,1737
chartqa_train_0289,11,0.8553597927093506,1737
chartqa_train_0289,12,0.830887496471405,1737
chartqa_train_0289,13,0.8413648009300232,1737
chartqa_train_0289,14,0.8033706545829773,1737
chartqa_train_0289,15,0.8923958539962769,1737
chartqa_train_0289,16,0.8496648073196411,1737
chartqa_train_0289,17,0.8747631907463074,1737
chartqa_train_0289,18,0.8662711381912231,1737
chartqa_train_0289,19,0.8324347734451294,1737
chartqa_train_0289,20,0.8643938899040222,1737
chartqa_train_0289,21,0.832202672958374,1737
chartqa_train_0289,22,0.8536376953125,1737
chartqa_train_0289,23,0.8525215983390808,1737
chartqa_train_0289,24,0.8893135190010071,1737
chartqa_train_0289,25,0.8903847932815552,1737
chartqa_train_0289,26,0.8413031697273254,1737
chartqa_train_0289,27,0.8624680638313293,1737
chartqa_train_0291,0,0.9186029434204102,1681
chartqa_train_0291,1,0.9243081212043762,1681
chartqa_train_0291,2,0.9441980123519897,1681
chartqa_train_0291,3,0.9340413808822632,1681
chartqa_train_0291,4,0.8700525760650635,1681
chartqa_train_0291,5,0.8696293830871582,1681
chartqa_train_0291,6,0.888874888420105,1681
chartqa_train_0291,7,0.8676098585128784,1681
chartqa_train_0291,8,0.8666909337043762,1681
chartqa_train_0291,9,0.7839850187301636,1681
chartqa_train_0291,10,0.8785105347633362,1681
chartqa_train_0291,11,0.8699790239334106,1681
chartqa_train_0291,12,0.8567863702774048,1681
chartqa_train_0291,13,0.8430995345115662,1681
chartqa_train_0291,14,0.82273268699646,1681
chartqa_train_0291,15,0.897486686706543,1681
chartqa_train_0291,16,0.8725956082344055,1681
chartqa_train_0291,17,0.8980621695518494,1681
chartqa_train_0291,18,0.8701997995376587,1681
chartqa_train_0291,19,0.8643254041671753,1681
chartqa_train_0291,20,0.8710183501243591,1681
chartqa_train_0291,21,0.8661038279533386,1681
chartqa_train_0291,22,0.8518223762512207,1681
chartqa_train_0291,23,0.8309933543205261,1681
chartqa_train_0291,24,0.8644484877586365,1681
chartqa_train_0291,25,0.8816362023353577,1681
chartqa_train_0291,26,0.8450114727020264,1681
chartqa_train_0291,27,0.8654773235321045,1681
chartqa_train_0292,0,0.9178345203399658,1377
chartqa_train_0292,1,0.9380789399147034,1377
chartqa_train_0292,2,0.8898868560791016,1377
chartqa_train_0292,3,0.9057797193527222,1377
chartqa_train_0292,4,0.9154884815216064,1377
chartqa_train_0292,5,0.9112498760223389,1377
chartqa_train_0292,6,0.9069451689720154,1377
chartqa_train_0292,7,0.9011672735214233,1377
chartqa_train_0292,8,0.9158324599266052,1377
chartqa_train_0292,9,0.8162137269973755,1377
chartqa_train_0292,10,0.8975353837013245,1377
chartqa_train_0292,11,0.9117052555084229,1377
chartqa_train_0292,12,0.909609317779541,1377
chartqa_train_0292,13,0.875349223613739,1377
chartqa_train_0292,14,0.9042955636978149,1377
chartqa_train_0292,15,0.9256296157836914,1377
chartqa_train_0292,16,0.8975807428359985,1377
chartqa_train_0292,17,0.92240309715271,1377
chartqa_train_0292,18,0.9155220985412598,1377
chartqa_train_0292,19,0.9153435230255127,1377
chartqa_train_0292,20,0.9099911451339722,1377
chartqa_train_0292,21,0.8793267011642456,1377
chartqa_train_0292,22,0.8191866278648376,1377
chartqa_train_0292,23,0.8548848032951355,1377
chartqa_train_0292,24,0.8537279963493347,1377
chartqa_train_0292,25,0.8404701948165894,1377
chartqa_train_0292,26,0.8603165149688721,1377
chartqa_train_0292,27,,1377
chartqa_train_0295,0,0.9163650274276733,1377
chartqa_train_0295,1,0.9109607338905334,1377
chartqa_train_0295,2,0.9046434164047241,1377
chartqa_train_0295,3,0.9077468514442444,1377
chartqa_train_0295,4,0.8840785026550293,1377
chartqa_train_0295,5,0.8760814070701599,1377
chartqa_train_0295,6,0.8646300435066223,1377
chartqa_train_0295,7,0.8487868905067444,1377
chartqa_train_0295,8,0.8633745908737183,1377
chartqa_train_0295,9,0.813907265663147,1377
chartqa_train_0295,10,0.8726122975349426,1377
chartqa_train_0295,11,0.8823122978210449,1377
chartqa_train_0295,12,0.8660593628883362,1377
chartqa_train_0295,13,0.8323459029197693,1377
chartqa_train_0295,14,0.8686665296554565,1377
chartqa_train_0295,15,0.8859512209892273,1377
chartqa_train_0295,16,0.8611266613006592,1377
chartqa_train_0295,17,0.8978114128112793,1377
chartqa_train_0295,18,0.8927606344223022,1377
chartqa_train_0295,19,0.8481067419052124,1377
chartqa_train_0295,20,0.8598165512084961,1377
chartqa_train_0295,21,0.800962507724762,1377
chartqa_train_0295,22,0.7900789380073547,1377
chartqa_train_0295,23,0.8220322728157043,1377
chartqa_train_0295,24,0.8751844763755798,1377
chartqa_train_0295,25,0.8808243870735168,1377
chartqa_train_0295,26,0.8595147132873535,1377
chartqa_train_0295,27,0.8462066650390625,1377
chartqa_train_0297,0,0.914019763469696,1681
chartqa_train_0297,1,0.9191927313804626,1681
chartqa_train_0297,2,0.943576991558075,1681
chartqa_train_0297,3,0.9371305704116821,1681
chartqa_train_0297,4,0.8393195867538452,1681
chartqa_train_0297,5,0.8847851157188416,1681
chartqa_train_0297,6,0.8723661303520203,1681
chartqa_train_0297,7,0.879339873790741,1681
chartqa_train_0297,8,0.8547511100769043,1681
chartqa_train_0297,9,0.7889469265937805,1681
chartqa_train_0297,10,0.8698462843894958,1681
chartqa_train_0297,11,0.8564069271087646,1681
chartqa_train_0297,12,0.8846626877784729,1681
chartqa_train_0297,13,0.8760960102081299,1681
chartqa_train_0297,14,0.82293701171875,1681
chartqa_train_0297,15,0.918159544467926,1681
chartqa_train_0297,16,0.86712247133255,1681
chartqa_train_0297,17,0.8968097567558289,1681
chartqa_train_0297,18,0.8923775553703308,1681
chartqa_train_0297,19,0.8647623062133789,1681
chartqa_train_0297,20,0.874875009059906,1681
chartqa_train_0297,21,0.8719188570976257,1681
chartqa_train_0297,22,0.8603197336196899,1681
chartqa_train_0297,23,0.8540567755699158,1681
chartqa_train_0297,24,0.8703136444091797,1681
chartqa_train_0297,25,0.8940051198005676,1681
chartqa_train_0297,26,0.8530457019805908,1681
chartqa_train_0297,27,0.8621050715446472,1681
chartqa_train_0306,0,0.9144029021263123,1377
chartqa_train_0306,1,0.888550877571106,1377
chartqa_train_0306,2,0.9037346839904785,1377
chartqa_train_0306,3,0.8981339335441589,1377
chartqa_train_0306,4,0.7873694896697998,1377
chartqa_train_0306,5,0.8873549103736877,1377
chartqa_train_0306,6,0.9338313937187195,1377
chartqa_train_0306,7,0.893036425113678,1377
chartqa_train_0306,8,0.7301276326179504,1377
chartqa_train_0306,9,0.8770423531532288,1377
chartqa_train_0306,10,0.8919892311096191,1377
chartqa_train_0306,11,0.8039701581001282,1377
chartqa_train_0306,12,0.8565708994865417,1377
chartqa_train_0306,13,0.8770300149917603,1377
chartqa_train_0306,14,0.7392600774765015,1377
chartqa_train_0306,15,0.7560375332832336,1377
chartqa_train_0306,16,0.7377355694770813,1377
chartqa_train_0306,17,0.7859616279602051,1377
chartqa_train_0306,18,0.8184643983840942,1377
chartqa_train_0306,19,0.7116512060165405,1377
chartqa_train_0306,20,0.7456757426261902,1377
chartqa_train_0306,21,0.7919073104858398,1377
chartqa_train_0306,22,0.6862423419952393,1377
chartqa_train_0306,23,0.7258912324905396,1377
chartqa_train_0306,24,0.8845988512039185,1377
chartqa_train_0306,25,0.7371544241905212,1377
chartqa_train_0306,26,0.7686245441436768,1377
chartqa_train_0306,27,0.8741124868392944,1377
chartqa_train_0307,0,0.9207912087440491,1377
chartqa_train_0307,1,0.9026848673820496,1377
chartqa_train_0307,2,0.905632495880127,1377
chartqa_train_0307,3,0.9217830300331116,1377
chartqa_train_0307,4,0.9173803329467773,1377
chartqa_train_0307,5,0.9185174703598022,1377
chartqa_train_0307,6,0.9203031659126282,1377
chartqa_train_0307,7,0.9059867262840271,1377
chartqa_train_0307,8,0.8963586688041687,1377
chartqa_train_0307,9,0.8837823867797852,1377
chartqa_train_0307,10,0.9318397045135498,1377
chartqa_train_0307,11,0.8745644688606262,1377
chartqa_train_0307,12,0.9072078466415405,1377
chartqa_train_0307,13,0.905238151550293,1377
chartqa_train_0307,14,0.8175546526908875,1377
chartqa_train_0307,15,0.8810250759124756,1377
chartqa_train_0307,16,0.8377716541290283,1377
chartqa_train_0307,17,0.8198604583740234,1377
chartqa_train_0307,18,0.8386319875717163,1377
chartqa_train_0307,19,0.7856237292289734,1377
chartqa_train_0307,20,0.7902519106864929,1377
chartqa_train_0307,21,0.6931357383728027,1377
chartqa_train_0307,22,0.7023549675941467,1377
chartqa_train_0307,23,0.8041867017745972,1377
chartqa_train_0307,24,0.8987295627593994,1377
chartqa_train_0307,25,0.8654133081436157,1377
chartqa_train_0307,26,0.8764959573745728,1377
chartqa_train_0307,27,,1377
chartqa_train_0311,0,0.8794261813163757,3589
chartqa_train_0311,1,0.883337140083313,3589
chartqa_train_0311,2,0.9430810213088989,3589
chartqa_train_0311,3,0.8958904147148132,3589
chartqa_train_0311,4,0.8741317987442017,3589
chartqa_train_0311,5,0.8812298774719238,3589
chartqa_train_0311,6,0.9186909794807434,3589
chartqa_train_0311,7,0.8853604197502136,3589
chartqa_train_0311,8,0.775778591632843,3589
chartqa_train_0311,9,0.8492182493209839,3589
chartqa_train_0311,10,0.8899357914924622,3589
chartqa_train_0311,11,0.8505463004112244,3589
chartqa_train_0311,12,0.9020285606384277,3589
chartqa_train_0311,13,0.8522631525993347,3589
chartqa_train_0311,14,0.8547484278678894,3589
chartqa_train_0311,15,0.9106318950653076,3589
chartqa_train_0311,16,0.8646745085716248,3589
chartqa_train_0311,17,0.875291109085083,3589
chartqa_train_0311,18,0.8709367513656616,3589
chartqa_train_0311,19,0.8507927060127258,3589
chartqa_train_0311,20,0.896790623664856,3589
chartqa_train_0311,21,0.8642103672027588,3589
chartqa_train_0311,22,0.8097743988037109,3589
chartqa_train_0311,23,0.8215597867965698,3589
chartqa_train_0311,24,0.8784915208816528,3589
chartqa_train_0311,25,0.8315065503120422,3589
chartqa_train_0311,26,0.8300802707672119,3589
chartqa_train_0311,27,0.8756422400474548,3589
chartqa_train_0317,0,0.932388961315155,1793
chartqa_train_0317,1,0.9180455207824707,1793
chartqa_train_0317,2,0.9371944665908813,1793
chartqa_train_0317,3,0.9441739320755005,1793
chartqa_train_0317,4,0.905867338180542,1793
chartqa_train_0317,5,0.9241908192634583,1793
chartqa_train_0317,6,0.9173764586448669,1793
chartqa_train_0317,7,0.8739129900932312,1793
chartqa_train_0317,8,0.8296532034873962,1793
chartqa_train_0317,9,0.7397059202194214,1793
chartqa_train_0317,10,0.9211073517799377,1793
chartqa_train_0317,11,0.9162077903747559,1793
chartqa_train_0317,12,0.905690610408783,1793
chartqa_train_0317,13,0.829873263835907,1793
chartqa_train_0317,14,0.881009578704834,1793
chartqa_train_0317,15,0.9153059720993042,1793
chartqa_train_0317,16,0.8997392058372498,1793
chartqa_train_0317,17,0.9308115839958191,1793
chartqa_train_0317,18,0.9230529069900513,1793
chartqa_train_0317,19,0.8754295110702515,1793
chartqa_train_0317,20,0.8854294419288635,1793
chartqa_train_0317,21,0.7830215692520142,1793
chartqa_train_0317,22,0.7549713253974915,1793
chartqa_train_0317,23,0.8232172131538391,1793
chartqa_train_0317,24,0.8860132694244385,1793
chartqa_train_0317,25,0.9026460647583008,1793
chartqa_train_0317,26,0.8861783742904663,1793
chartqa_train_0317,27,0.9062595367431641,1793
chartqa_train_0321,0,0.8524318337440491,3589
chartqa_train_0321,1,0.8828849196434021,3589
chartqa_train_0321,2,0.9410820007324219,3589
chartqa_train_0321,3,0.9244030117988586,3589
chartqa_train_0321,4,0.8641799688339233,3589
chartqa_train_0321,5,0.9035745859146118,3589
chartqa_train_0321,6,0.9171438217163086,3589
chartqa_train_0321,7,0.8709141612052917,3589
chartqa_train_0321,8,0.7482506632804871,3589
chartqa_train_0321,9,0.8485914468765259,3589
chartqa_train_0321,10,0.8852303624153137,3589
chartqa_train_0321,11,0.8482015132904053,3589
chartqa_train_0321,12,0.8850988745689392,3589
chartqa_train_0321,13,0.8738649487495422,3589
chartqa_train_0321,14,0.8501805067062378,3589
chartqa_train_0321,15,0.9049499034881592,3589
chartqa_train_0321,16,0.826806366443634,3589
chartqa_train_0321,17,0.8604844808578491,3589
chartqa_train_0321,18,0.8535334467887878,3589
chartqa_train_0321,19,0.8623951077461243,3589
chartqa_train_0321,20,0.8894724249839783,3589
chartqa_train_0321,21,0.8501935601234436,3589
chartqa_train_0321,22,0.7929679751396179,3589
chartqa_train_0321,23,0.8401241302490234,3589
chartqa_train_0321,24,0.8872992992401123,3589
chartqa_train_0321,25,0.8759430050849915,3589
chartqa_train_0321,26,0.8717541694641113,3589
chartqa_train_0321,27,0.8740701675415039,3589
chartqa_train_0326,0,0.9172145128250122,1377
chartqa_train_0326,1,0.9118865132331848,1377
chartqa_train_0326,2,0.9231904745101929,1377
chartqa_train_0326,3,0.9291435480117798,1377
chartqa_train_0326,4,0.8573769927024841,1377
chartqa_train_0326,5,0.888227641582489,1377
chartqa_train_0326,6,0.9092470407485962,1377
chartqa_train_0326,7,0.9008452296257019,1377
chartqa_train_0326,8,0.8166844248771667,1377
chartqa_train_0326,9,0.8516417145729065,1377
chartqa_train_0326,10,0.8895537853240967,1377
chartqa_train_0326,11,0.8604015707969666,1377
chartqa_train_0326,12,0.8923971652984619,1377
chartqa_train_0326,13,0.923214852809906,1377
chartqa_train_0326,14,0.8146914839744568,1377
chartqa_train_0326,15,0.7760424017906189,1377
chartqa_train_0326,16,0.7972496151924133,1377
chartqa_train_0326,17,0.8381936550140381,1377
chartqa_train_0326,18,0.8621819019317627,1377
chartqa_train_0326,19,0.7978038787841797,1377
chartqa_train_0326,20,0.8540950417518616,1377
chartqa_train_0326,21,0.8327527046203613,1377
chartqa_train_0326,22,0.7573973536491394,1377
chartqa_train_0326,23,0.8110352158546448,1377
chartqa_train_0326,24,0.8675774931907654,1377
chartqa_train_0326,25,0.8472631573677063,1377
chartqa_train_0326,26,0.840385913848877,1377
chartqa_train_0326,27,0.8961689472198486,1377
chartqa_train_0331,0,0.9245595932006836,1161
chartqa_train_0331,1,0.9106700420379639,1161
chartqa_train_0331,2,0.9472525715827942,1161
chartqa_train_0331,3,0.952185332775116,1161
chartqa_train_0331,4,0.9098449945449829,1161
chartqa_train_0331,5,0.921323299407959,1161
chartqa_train_0331,6,0.9062604904174805,1161
chartqa_train_0331,7,0.9168820977210999,1161
chartqa_train_0331,8,0.922185480594635,1161
chartqa_train_0331,9,0.8790194988250732,1161
chartqa_train_0331,10,0.936077356338501,1161
chartqa_train_0331,11,0.8643578290939331,1161
chartqa_train_0331,12,0.9067398309707642,1161
chartqa_train_0331,13,0.8749500513076782,1161
chartqa_train_0331,14,0.7993599772453308,1161
chartqa_train_0331,15,0.8615162372589111,1161
chartqa_train_0331,16,0.7012504935264587,1161
chartqa_train_0331,17,0.7814981937408447,1161
chartqa_train_0331,18,0.7916793823242188,1161
chartqa_train_0331,19,0.7005926966667175,1161
chartqa_train_0331,20,0.7482678890228271,1161
chartqa_train_0331,21,0.7877050638198853,1161
chartqa_train_0331,22,0.7280423641204834,1161
chartqa_train_0331,23,0.7605956792831421,1161
chartqa_train_0331,24,0.909117579460144,1161
chartqa_train_0331,25,0.8770496249198914,1161
chartqa_train_0331,26,0.8648641109466553,1161
chartqa_train_0331,27,,1161
chartqa_train_0332,0,0.9173827171325684,1161
chartqa_train_0332,1,0.895861029624939,1161
chartqa_train_0332,2,0.9239464998245239,1161
chartqa_train_0332,3,0.9436343908309937,1161
chartqa_train_0332,4,0.8731691837310791,1161
chartqa_train_0332,5,0.9113982915878296,1161
chartqa_train_0332,6,0.8660385608673096,1161
chartqa_train_0332,7,0.8865607380867004,1161
chartqa_train_0332,8,0.894220769405365,1161
chartqa_train_0332,9,0.8426859974861145,1161
chartqa_train_0332,10,0.886243999004364,1161
chartqa_train_0332,11,0.8421106934547424,1161
chartqa_train_0332,12,0.8591848611831665,1161
chartqa_train_0332,13,0.853327751159668,1161
chartqa_train_0332,14,0.8254753947257996,1161
chartqa_train_0332,15,0.883806586265564,1161
chartqa_train_0332,16,0.8540094494819641,1161
chartqa_train_0332,17,0.8677165508270264,1161
chartqa_train_0332,18,0.8855104446411133,1161
chartqa_train_0332,19,0.8680496215820312,1161
chartqa_train_0332,20,0.8742177486419678,1161
chartqa_train_0332,21,0.8543477058410645,1161
chartqa_train_0332,22,0.8914340734481812,1161
chartqa_train_0332,23,0.870939314365387,1161
chartqa_train_0332,24,0.9112052321434021,1161
chartqa_train_0332,25,0.9167400002479553,1161
chartqa_train_0332,26,0.8751965761184692,1161
chartqa_train_0332,27,0.8885482549667358,1161
chartqa_train_0333,0,0.9301552176475525,1161
chartqa_train_0333,1,0.9137816429138184,1161
chartqa_train_0333,2,0.9366899132728577,1161
chartqa_train_0333,3,0.9477494955062866,1161
chartqa_train_0333,4,0.8952880501747131,1161
chartqa_train_0333,5,0.8948306441307068,1161
chartqa_train_0333,6,0.8992705345153809,1161
chartqa_train_0333,7,0.904914140701294,1161
chartqa_train_0333,8,0.8795927166938782,1161
chartqa_train_0333,9,0.8559646606445312,1161
chartqa_train_0333,10,0.9211564064025879,1161
chartqa_train_0333,11,0.875876784324646,1161
chartqa_train_0333,12,0.915497899055481,1161
chartqa_train_0333,13,0.9173616766929626,1161
chartqa_train_0333,14,0.8182145953178406,1161
chartqa_train_0333,15,0.8613415360450745,1161
chartqa_train_0333,16,0.7910640239715576,1161
chartqa_train_0333,17,0.8407527804374695,1161
chartqa_train_0333,18,0.8296262621879578,1161
chartqa_train_0333,19,0.761538028717041,1161
chartqa_train_0333,20,0.7987717390060425,1161
chartqa_train_0333,21,0.8091259002685547,1161
chartqa_train_0333,22,0.7548088431358337,1161
chartqa_train_0333,23,0.7425443530082703,1161
chartqa_train_0333,24,0.8854777216911316,1161
chartqa_train_0333,25,0.8835681080818176,1161
chartqa_train_0333,26,0.8366173505783081,1161
chartqa_train_0333,27,0.8860958218574524,1161
chartqa_train_0339,0,0.8994150757789612,1485
chartqa_train_0339,1,0.9055906534194946,1485
chartqa_train_0339,2,0.905921459197998,1485
chartqa_train_0339,3,0.9049495458602905,1485
chartqa_train_0339,4,0.8933241367340088,1485
chartqa_train_0339,5,0.9099342823028564,1485
chartqa_train_0339,6,0.8988714218139648,1485
chartqa_train_0339,7,0.88299560546875,1485
chartqa_train_0339,8,0.8678892254829407,1485
chartqa_train_0339,9,0.84455406665802,1485
chartqa_train_0339,10,0.9313721656799316,1485
chartqa_train_0339,11,0.9014719724655151,1485
chartqa_train_0339,12,0.9238876104354858,1485
chartqa_train_0339,13,0.9089768528938293,1485
chartqa_train_0339,14,0.831673800945282,1485
chartqa_train_0339,15,0.8735883831977844,1485
chartqa_train_0339,16,0.7918154001235962,1485
chartqa_train_0339,17,0.8986556529998779,1485
chartqa_train_0339,18,0.8428189158439636,1485
chartqa_train_0339,19,0.6804049015045166,1485
chartqa_train_0339,20,0.7148308753967285,1485
chartqa_train_0339,21,0.539126455783844,1485
chartqa_train_0339,22,0.6440216898918152,1485
chartqa_train_0339,23,0.65644770860672,1485
chartqa_train_0339,24,0.8511369228363037,1485
chartqa_train_0339,25,0.7746810913085938,1485
chartqa_train_0339,26,0.8097308278083801,1485
chartqa_train_0339,27,,1485
chartqa_train_0343,0,0.9143931865692139,1485
chartqa_train_0343,1,0.9174917936325073,1485
chartqa_train_0343,2,0.9133906960487366,1485
chartqa_train_0343,3,0.9195287823677063,1485
chartqa_train_0343,4,0.897850513458252,1485
chartqa_train_0343,5,0.9122945666313171,1485
chartqa_train_0343,6,0.9152668714523315,1485
chartqa_train_0343,7,0.8977382779121399,1485
chartqa_train_0343,8,0.9064489006996155,1485
chartqa_train_0343,9,0.8155568838119507,1485
chartqa_train_0343,10,0.9329087734222412,1485
chartqa_train_0343,11,0.9006062746047974,1485
chartqa_train_0343,12,0.9210640788078308,1485
chartqa_train_0343,13,0.882297694683075,1485
chartqa_train_0343,14,0.8183730244636536,1485
chartqa_train_0343,15,0.8736438155174255,1485
chartqa_train_0343,16,0.7720527052879333,1485
chartqa_train_0343,17,0.911378026008606,1485
chartqa_train_0343,18,0.8244512677192688,1485
chartqa_train_0343,19,0.6878299713134766,1485
chartqa_train_0343,20,0.7055987119674683,1485
chartqa_train_0343,21,0.5361467599868774,1485
chartqa_train_0343,22,0.6012246012687683,1485
chartqa_train_0343,23,0.6285643577575684,1485
chartqa_train_0343,24,0.876002311706543,1485
chartqa_train_0343,25,0.807649552822113,1485
chartqa_train_0343,26,0.8166513442993164,1485
chartqa_train_0343,27,,1485
chartqa_train_0345,0,0.9103960990905762,1429
chartqa_train_0345,1,0.9196528792381287,1429
chartqa_train_0345,2,0.9320778250694275,1429
chartqa_train_0345,3,0.9303271174430847,1429
chartqa_train_0345,4,0.8591315150260925,1429
chartqa_train_0345,5,0.8840824365615845,1429
chartqa_train_0345,6,0.862751305103302,1429
chartqa_train_0345,7,0.8715582489967346,1429
chartqa_train_0345,8,0.8675113320350647,1429
chartqa_train_0345,9,0.8160131573677063,1429
chartqa_train_0345,10,0.8767127394676208,1429
chartqa_train_0345,11,0.8742554187774658,1429
chartqa_train_0345,12,0.8823172450065613,1429
chartqa_train_0345,13,0.841259777545929,1429
chartqa_train_0345,14,0.8548624515533447,1429
chartqa_train_0345,15,0.8941991925239563,1429
chartqa_train_0345,16,0.8545847535133362,1429
chartqa_train_0345,17,0.8827617168426514,1429
chartqa_train_0345,18,0.8741366267204285,1429
chartqa_train_0345,19,0.847245991230011,1429
chartqa_train_0345,20,0.8725946545600891,1429
chartqa_train_0345,21,0.8971046805381775,1429
chartqa_train_0345,22,0.880266547203064,1429
chartqa_train_0345,23,0.8822104930877686,1429
chartqa_train_0345,24,0.8712059259414673,1429
chartqa_train_0345,25,0.9118955731391907,1429
chartqa_train_0345,26,0.8584944009780884,1429
chartqa_train_0345,27,0.8499342799186707,1429
chartqa_train_0351,0,0.8953286409378052,3888
chartqa_train_0351,1,0.8962708115577698,3888
chartqa_train_0351,2,0.9356386661529541,3888
chartqa_train_0351,3,0.9268205165863037,3888
chartqa_train_0351,4,0.8895118832588196,3888
chartqa_train_0351,5,0.8665900826454163,3888
chartqa_train_0351,6,0.8981654644012451,3888
chartqa_train_0351,7,0.8627694845199585,3888
chartqa_train_0351,8,0.8532330989837646,3888
chartqa_train_0351,9,0.7887158393859863,3888
chartqa_train_0351,10,0.8965197801589966,3888
chartqa_train_0351,11,0.8638434410095215,3888
chartqa_train_0351,12,0.8885130882263184,3888
chartqa_train_0351,13,0.8871201276779175,3888
chartqa_train_0351,14,0.8060199022293091,3888
chartqa_train_0351,15,0.8700957298278809,3888
chartqa_train_0351,16,0.7862738966941833,3888
chartqa_train_0351,17,0.8247610926628113,3888
chartqa_train_0351,18,0.8378304839134216,3888
chartqa_train_0351,19,0.8120420575141907,3888
chartqa_train_0351,20,0.7889155745506287,3888
chartqa_train_0351,21,0.713531494140625,3888
chartqa_train_0351,22,0.69753497838974,3888
chartqa_train_0351,23,0.7266109585762024,3888
chartqa_train_0351,24,0.8604621887207031,3888
chartqa_train_0351,25,0.8608294725418091,3888
chartqa_train_0351,26,0.8408378958702087,3888
chartqa_train_0351,27,,3888
chartqa_train_0352,0,0.9082316160202026,1849
chartqa_train_0352,1,0.9070737361907959,1849
chartqa_train_0352,2,0.9477956295013428,1849
chartqa_train_0352,3,0.9495193362236023,1849
chartqa_train_0352,4,0.8487294316291809,1849
chartqa_train_0352,5,0.875823438167572,1849
chartqa_train_0352,6,0.9116546511650085,1849
chartqa_train_0352,7,0.9109208583831787,1849
chartqa_train_0352,8,0.8025431632995605,1849
chartqa_train_0352,9,0.8489828705787659,1849
chartqa_train_0352,10,0.9100970029830933,1849
chartqa_train_0352,11,0.8877048492431641,1849
chartqa_train_0352,12,0.9011032581329346,1849
chartqa_train_0352,13,0.9180741310119629,1849
chartqa_train_0352,14,0.7867752909660339,1849
chartqa_train_0352,15,0.7532848715782166,1849
chartqa_train_0352,16,0.8068155646324158,1849
chartqa_train_0352,17,0.8427713513374329,1849
chartqa_train_0352,18,0.8823333978652954,1849
chartqa_train_0352,19,0.8324925303459167,1849
chartqa_train_0352,20,0.8559166193008423,1849
chartqa_train_0352,21,0.8576086759567261,1849
chartqa_train_0352,22,0.8069671988487244,1849
chartqa_train_0352,23,0.8696282505989075,1849
chartqa_train_0352,24,0.9014801383018494,1849
chartqa_train_0352,25,0.874540388584137,1849
chartqa_train_0352,26,0.8501729965209961,1849
chartqa_train_0352,27,,1849
chartqa_train_0353,0,0.9108729362487793,1849
chartqa_train_0353,1,0.9150451421737671,1849
chartqa_train_0353,2,0.9424102902412415,1849
chartqa_train_0353,3,0.9426990747451782,1849
chartqa_train_0353,4,0.8720943927764893,1849
chartqa_train_0353,5,0.8865727186203003,1849
chartqa_train_0353,6,0.8707403540611267,1849
chartqa_train_0353,7,0.8768002986907959,1849
chartqa_train_0353,8,0.8532819747924805,1849
chartqa_train_0353,9,0.7953952550888062,1849
chartqa_train_0353,10,0.8895882368087769,1849
chartqa_train_0353,11,0.8875256180763245,1849
chartqa_train_0353,12,0.8771764039993286,1849
chartqa_train_0353,13,0.8375015258789062,1849
chartqa_train_0353,14,0.8584261536598206,1849
chartqa_train_0353,15,0.8968014121055603,1849
chartqa_train_0353,16,0.8602269291877747,1849
chartqa_train_0353,17,0.8962217569351196,1849
chartqa_train_0353,18,0.8818997740745544,1849
chartqa_train_0353,19,0.8510822653770447,1849
chartqa_train_0353,20,0.868327796459198,1849
chartqa_train_0353,21,0.8533034324645996,1849
chartqa_train_0353,22,0.8463357090950012,1849
chartqa_train_0353,23,0.8743705749511719,1849
chartqa_train_0353,24,0.8690000772476196,1849
chartqa_train_0353,25,0.8833287358283997,1849
chartqa_train_0353,26,0.8532026410102844,1849
chartqa_train_0353,27,0.8801118731498718,1849
chartqa_train_0354,0,0.9216387867927551,1377
chartqa_train_0354,1,0.8926843404769897,1377
chartqa_train_0354,2,0.9040514230728149,1377
chartqa_train_0354,3,0.9091069102287292,1377
chartqa_train_0354,4,0.8648639917373657,1377
chartqa_train_0354,5,0.8956954479217529,1377
chartqa_train_0354,6,0.9171972870826721,1377
chartqa_train_0354,7,0.89871746301651,1377
chartqa_train_0354,8,0.8522202968597412,1377
chartqa_train_0354,9,0.8877081274986267,1377
chartqa_train_0354,10,0.9294769763946533,1377
chartqa_train_0354,11,0.8843579888343811,1377
chartqa_train_0354,12,0.9013227820396423,1377
chartqa_train_0354,13,0.9244371056556702,1377
chartqa_train_0354,14,0.7728306651115417,1377
chartqa_train_0354,15,0.8222876191139221,1377
chartqa_train_0354,16,0.8220021724700928,1377
chartqa_train_0354,17,0.811100423336029,1377
chartqa_train_0354,18,0.8740168213844299,1377
chartqa_train_0354,19,0.8404028415679932,1377
chartqa_train_0354,20,0.8621450066566467,1377
chartqa_train_0354,21,0.8528608679771423,1377
chartqa_train_0354,22,0.8117552399635315,1377
chartqa_train_0354,23,0.8442075848579407,1377
chartqa_train_0354,24,0.8875359892845154,1377
chartqa_train_0354,25,0.8478099703788757,1377
chartqa_train_0354,26,0.8702698349952698,1377
chartqa_train_0354,27,0.8958821892738342,1377
chartqa_train_0355,0,0.9204736351966858,1377
chartqa_train_0355,1,0.90987628698349,1377
chartqa_train_0355,2,0.8950745463371277,1377
chartqa_train_0355,3,0.895263671875,1377
chartqa_train_0355,4,0.8498254418373108,1377
chartqa_train_0355,5,0.8802782297134399,1377
chartqa_train_0355,6,0.8660942316055298,1377
chartqa_train_0355,7,0.8485331535339355,1377
chartqa_train_0355,8,0.8566469550132751,1377
chartqa_train_0355,9,0.7643537521362305,1377
chartqa_train_0355,10,0.8427935838699341,1377
chartqa_train_0355,11,0.8497993350028992,1377
chartqa_train_0355,12,0.8714590668678284,1377
chartqa_train_0355,13,0.8579557538032532,1377
chartqa_train_0355,14,0.8579801917076111,1377
chartqa_train_0355,15,0.9084565043449402,1377
chartqa_train_0355,16,0.888347864151001,1377
chartqa_train_0355,17,0.896704912185669,1377
chartqa_train_0355,18,0.9071352481842041,1377
chartqa_train_0355,19,0.8810418248176575,1377
chartqa_train_0355,20,0.8643712401390076,1377
chartqa_train_0355,21,0.8594167828559875,1377
chartqa_train_0355,22,0.8566265106201172,1377
chartqa_train_0355,23,0.8492037057876587,1377
chartqa_train_0355,24,0.8524661064147949,1377
chartqa_train_0355,25,0.8658807277679443,1377
chartqa_train_0355,26,0.8048673868179321,1377
chartqa_train_0355,27,0.8432411551475525,1377
chartqa_train_0356,0,0.9153403639793396,1485
chartqa_train_0356,1,0.9154061675071716,1485
chartqa_train_0356,2,0.9149693846702576,1485
chartqa_train_0356,3,0.9105258584022522,1485
chartqa_train_0356,4,0.8703089356422424,1485
chartqa_train_0356,5,0.8941746354103088,1485
chartqa_train_0356,6,0.8612185716629028,1485
chartqa_train_0356,7,0.8701235055923462,1485
chartqa_train_0356,8,0.8780794143676758,1485
chartqa_train_0356,9,0.7859758138656616,1485
chartqa_train_0356,10,0.8698450922966003,1485
chartqa_train_0356,11,0.8571988344192505,1485
chartqa_train_0356,12,0.8588211536407471,1485
chartqa_train_0356,13,0.8395371437072754,1485
chartqa_train_0356,14,0.8890869617462158,1485
chartqa_train_0356,15,0.8960004448890686,1485
chartqa_train_0356,16,0.8785411715507507,1485
chartqa_train_0356,17,0.9021316170692444,1485
chartqa_train_0356,18,0.876731812953949,1485
chartqa_train_0356,19,0.8659228086471558,1485
chartqa_train_0356,20,0.8974599838256836,1485
chartqa_train_0356,21,0.8881179094314575,1485
chartqa_train_0356,22,0.8715012073516846,1485
chartqa_train_0356,23,0.8681836724281311,1485
chartqa_train_0356,24,0.8641884922981262,1485
chartqa_train_0356,25,0.9051175713539124,1485
chartqa_train_0356,26,0.8535517454147339,1485
chartqa_train_0356,27,0.8578775525093079,1485
chartqa_train_0359,0,0.9163227081298828,1782
chartqa_train_0359,1,0.915608823299408,1782
chartqa_train_0359,2,0.9306849837303162,1782
chartqa_train_0359,3,0.932433009147644,1782
chartqa_train_0359,4,0.8835198283195496,1782
chartqa_train_0359,5,0.9143093228340149,1782
chartqa_train_0359,6,0.9307360649108887,1782
chartqa_train_0359,7,0.9069957733154297,1782
chartqa_train_0359,8,0.9110811948776245,1782
chartqa_train_0359,9,0.8753861784934998,1782
chartqa_train_0359,10,0.9042131304740906,1782
chartqa_train_0359,11,0.8728041648864746,1782
chartqa_train_0359,12,0.886810302734375,1782
chartqa_train_0359,13,0.8913357853889465,1782
chartqa_train_0359,14,0.822951078414917,1782
chartqa_train_0359,15,0.9185472130775452,1782
chartqa_train_0359,16,0.8861775994300842,1782
chartqa_train_0359,17,0.8590184450149536,1782
chartqa_train_0359,18,0.8979364037513733,1782
chartqa_train_0359,19,0.8025131225585938,1782
chartqa_train_0359,20,0.8354496955871582,1782
chartqa_train_0359,21,0.7769310474395752,1782
chartqa_train_0359,22,0.7195191979408264,1782
chartqa_train_0359,23,0.7488628029823303,1782
chartqa_train_0359,24,0.8979133367538452,1782
chartqa_train_0359,25,0.8413483500480652,1782
chartqa_train_0359,26,0.8995790481567383,1782
chartqa_train_0359,27,0.9032792448997498,1782
chartqa_train_0362,0,0.9292294979095459,1323
chartqa_train_0362,1,0.8982917666435242,1323
chartqa_train_0362,2,0.9032434225082397,1323
chartqa_train_0362,3,0.9157028198242188,1323
chartqa_train_0362,4,0.8761443495750427,1323
chartqa_train_0362,5,0.9022082090377808,1323
chartqa_train_0362,6,0.9173582196235657,1323
chartqa_train_0362,7,0.9138666987419128,1323
chartqa_train_0362,8,0.8503368496894836,1323
chartqa_train_0362,9,0.8890554904937744,1323
chartqa_train_0362,10,0.9269531965255737,1323
chartqa_train_0362,11,0.8731345534324646,1323
chartqa_train_0362,12,0.8939480185508728,1323
chartqa_train_0362,13,0.9008012413978577,1323
chartqa_train_0362,14,0.689723551273346,1323
chartqa_train_0362,15,0.7910962700843811,1323
chartqa_train_0362,16,0.7308616638183594,1323
chartqa_train_0362,17,0.7753205299377441,1323
chartqa_train_0362,18,0.822284996509552,1323
chartqa_train_0362,19,0.7276935577392578,1323
chartqa_train_0362,20,0.7335803508758545,1323
chartqa_train_0362,21,0.8218692541122437,1323
chartqa_train_0362,22,0.6253972053527832,1323
chartqa_train_0362,23,0.7502096891403198,1323
chartqa_train_0362,24,0.8468537926673889,1323
chartqa_train_0362,25,0.7709969282150269,1323
chartqa_train_0362,26,0.835281491279602,1323
chartqa_train_0362,27,,1323
chartqa_train_0366,0,0.9171417951583862,1431
chartqa_train_0366,1,0.9032290577888489,1431
chartqa_train_0366,2,0.8973829746246338,1431
chartqa_train_0366,3,0.9072679877281189,1431
chartqa_train_0366,4,0.8425344824790955,1431
chartqa_train_0366,5,0.8804307579994202,1431
chartqa_train_0366,6,0.8625344038009644,1431
chartqa_train_0366,7,0.8677667379379272,1431
chartqa_train_0366,8,0.8762736916542053,1431
chartqa_train_0366,9,0.850318431854248,1431
chartqa_train_0366,10,0.8906051516532898,1431
chartqa_train_0366,11,0.8482975363731384,1431
chartqa_train_0366,12,0.7964164614677429,1431
chartqa_train_0366,13,0.804102897644043,1431
chartqa_train_0366,14,0.8490505218505859,1431
chartqa_train_0366,15,0.8825806975364685,1431
chartqa_train_0366,16,0.8031363487243652,1431
chartqa_train_0366,17,0.88194340467453,1431
chartqa_train_0366,18,0.8541430234909058,1431
chartqa_train_0366,19,0.8049154281616211,1431
chartqa_train_0366,20,0.8850710391998291,1431
chartqa_train_0366,21,0.8871265053749084,1431
chartqa_train_0366,22,0.8827248215675354,1431
chartqa_train_0366,23,0.8671707510948181,1431
chartqa_train_0366,24,0.8504354357719421,1431
chartqa_train_0366,25,0.8882742524147034,1431
chartqa_train_0366,26,0.8003524541854858,1431
chartqa_train_0366,27,0.8414003849029541,1431
chartqa_train_0367,0,0.9309790134429932,1431
chartqa_train_0367,1,0.916917085647583,1431
chartqa_train_0367,2,0.9108695983886719,1431
chartqa_train_0367,3,0.9301457405090332,1431
chartqa_train_0367,4,0.9147390723228455,1431
chartqa_train_0367,5,0.9253237247467041,1431
chartqa_train_0367,6,0.9117024540901184,1431
chartqa_train_0367,7,0.8932632207870483,1431
chartqa_train_0367,8,0.8667322993278503,1431
chartqa_train_0367,9,0.8108315467834473,1431
chartqa_train_0367,10,0.9299997687339783,1431
chartqa_train_0367,11,0.9121617078781128,1431
chartqa_train_0367,12,0.9139235615730286,1431
chartqa_train_0367,13,0.8859403133392334,1431
chartqa_train_0367,14,0.868089497089386,1431
chartqa_train_0367,15,0.9088039398193359,1431
chartqa_train_0367,16,0.8564643263816833,1431
chartqa_train_0367,17,0.9126237630844116,1431
chartqa_train_0367,18,0.8828575611114502,1431
chartqa_train_0367,19,0.8244985342025757,1431
chartqa_train_0367,20,0.8551217317581177,1431
chartqa_train_0367,21,0.7641773223876953,1431
chartqa_train_0367,22,0.7971819639205933,1431
chartqa_train_0367,23,0.8283094763755798,1431
chartqa_train_0367,24,0.9105682969093323,1431
chartqa_train_0367,25,0.9228211045265198,1431
chartqa_train_0367,26,0.8940610289573669,1431
chartqa_train_0367,27,0.9111942052841187,1431
chartqa_train_0369,0,0.9013080596923828,3564
chartqa_train_0369,1,0.8909570574760437,3564
chartqa_train_0369,2,0.9324057698249817,3564
chartqa_train_0369,3,0.9377793073654175,3564
chartqa_train_0369,4,0.9029342532157898,3564
chartqa_train_0369,5,0.8993406295776367,3564
chartqa_train_0369,6,0.9017236828804016,3564
chartqa_train_0369,7,0.8544648885726929,3564
chartqa_train_0369,8,0.8518195152282715,3564
chartqa_train_0369,9,0.7391921877861023,3564
chartqa_train_0369,10,0.8964505195617676,3564
chartqa_train_0369,11,0.8878602385520935,3564
chartqa_train_0369,12,0.8824449181556702,3564
chartqa_train_0369,13,0.8454630374908447,3564
chartqa_train_0369,14,0.8491129875183105,3564
chartqa_train_0369,15,0.9046744704246521,3564
chartqa_train_0369,16,0.8760600090026855,3564
chartqa_train_0369,17,0.9181065559387207,3564
chartqa_train_0369,18,0.9220240712165833,3564
chartqa_train_0369,19,0.8224326968193054,3564
chartqa_train_0369,20,0.8743628263473511,3564
chartqa_train_0369,21,0.7692757844924927,3564
chartqa_train_0369,22,0.7559341788291931,3564
chartqa_train_0369,23,0.7700232267379761,3564
chartqa_train_0369,24,0.8609908223152161,3564
chartqa_train_0369,25,0.8703494668006897,3564
chartqa_train_0369,26,0.8268107175827026,3564
chartqa_train_0369,27,0.8734255433082581,3564
chartqa_train_0370,0,0.8865836262702942,4744
chartqa_train_0370,1,0.8847208619117737,4744
chartqa_train_0370,2,0.9435954689979553,4744
chartqa_train_0370,3,0.9288586974143982,4744
chartqa_train_0370,4,0.8632508516311646,4744
chartqa_train_0370,5,0.8728968501091003,4744
chartqa_train_0370,6,0.8909192085266113,4744
chartqa_train_0370,7,0.8655814528465271,4744
chartqa_train_0370,8,0.6689904928207397,4744
chartqa_train_0370,9,0.7770765423774719,4744
chartqa_train_0370,10,0.8425193428993225,4744
chartqa_train_0370,11,0.782399594783783,4744
chartqa_train_0370,12,0.8028479814529419,4744
chartqa_train_0370,13,0.8309973478317261,4744
chartqa_train_0370,14,0.686630129814148,4744
chartqa_train_0370,15,0.7640843987464905,4744
chartqa_train_0370,16,0.7132824063301086,4744
chartqa_train_0370,17,0.7601882219314575,4744
chartqa_train_0370,18,0.8900078535079956,4744
chartqa_train_0370,19,0.7864840030670166,4744
chartqa_train_0370,20,0.8107958436012268,4744
chartqa_train_0370,21,0.7718684077262878,4744
chartqa_train_0370,22,0.6737870573997498,4744
chartqa_train_0370,23,0.7400544285774231,4744
chartqa_train_0370,24,0.8672685623168945,4744
chartqa_train_0370,25,0.7507568597793579,4744
chartqa_train_0370,26,0.7797394394874573,4744
chartqa_train_0370,27,0.8738811612129211,4744
chartqa_train_0375,0,0.9104809165000916,1836
chartqa_train_0375,1,0.8907480835914612,1836
chartqa_train_0375,2,0.9311990737915039,1836
chartqa_train_0375,3,0.9305683374404907,1836
chartqa_train_0375,4,0.7728614807128906,1836
chartqa_train_0375,5,0.8826579451560974,1836
chartqa_train_0375,6,0.9310451149940491,1836
chartqa_train_0375,7,0.8741325736045837,1836
chartqa_train_0375,8,0.6819998025894165,1836
chartqa_train_0375,9,0.8696949481964111,1836
chartqa_train_0375,10,0.8849560618400574,1836
chartqa_train_0375,11,0.8623471856117249,1836
chartqa_train_0375,12,0.9079325795173645,1836
chartqa_train_0375,13,0.869702935218811,1836
chartqa_train_0375,14,0.8496741652488708,1836
chartqa_train_0375,15,0.9343967437744141,1836
chartqa_train_0375,16,0.8047497868537903,1836
chartqa_train_0375,17,0.8726390600204468,1836
chartqa_train_0375,18,0.8556559085845947,1836
chartqa_train_0375,19,0.8649961352348328,1836
chartqa_train_0375,20,0.8990383148193359,1836
chartqa_train_0375,21,0.8615560531616211,1836
chartqa_train_0375,22,0.8594347834587097,1836
chartqa_train_0375,23,0.8715514540672302,1836
chartqa_train_0375,24,0.8922919034957886,1836
chartqa_train_0375,25,0.8806613087654114,1836
chartqa_train_0375,26,0.850125789642334,1836
chartqa_train_0375,27,0.870409369468689,1836
chartqa_train_0377,0,0.9287475347518921,1377
chartqa_train_0377,1,0.9113572835922241,1377
chartqa_train_0377,2,0.9287793040275574,1377
chartqa_train_0377,3,0.9205504059791565,1377
chartqa_train_0377,4,0.8823263049125671,1377
chartqa_train_0377,5,0.8994579911231995,1377
chartqa_train_0377,6,0.9152668118476868,1377
chartqa_train_0377,7,0.9032666087150574,1377
chartqa_train_0377,8,0.8528074622154236,1377
chartqa_train_0377,9,0.8653197288513184,1377
chartqa_train_0377,10,0.9261372685432434,1377
chartqa_train_0377,11,0.8975193500518799,1377
chartqa_train_0377,12,0.9037532806396484,1377
chartqa_train_0377,13,0.9254118800163269,1377
chartqa_train_0377,14,0.831746518611908,1377
chartqa_train_0377,15,0.8571382761001587,1377
chartqa_train_0377,16,0.8633661866188049,1377
chartqa_train_0377,17,0.9042890667915344,1377
chartqa_train_0377,18,0.8957176804542542,1377
chartqa_train_0377,19,0.8161440491676331,1377
chartqa_train_0377,20,0.8515474200248718,1377
chartqa_train_0377,21,0.8357783555984497,1377
chartqa_train_0377,22,0.7549718618392944,1377
chartqa_train_0377,23,0.7529513835906982,1377
chartqa_train_0377,24,0.888228714466095,1377
chartqa_train_0377,25,0.8915091156959534,1377
chartqa_train_0377,26,0.8815918564796448,1377
chartqa_train_0377,27,,1377
chartqa_train_0380,0,0.8896892070770264,1485
chartqa_train_0380,1,0.8922863006591797,1485
chartqa_train_0380,2,0.8986697793006897,1485
chartqa_train_0380,3,0.908747673034668,1485
chartqa_train_0380,4,0.8796320557594299,1485
chartqa_train_0380,5,0.9164699912071228,1485
chartqa_train_0380,6,0.9072049260139465,1485
chartqa_train_0380,7,0.9290292263031006,1485
chartqa_train_0380,8,0.8634748458862305,1485
chartqa_train_0380,9,0.8743099570274353,1485
chartqa_train_0380,10,0.9132564663887024,1485
chartqa_train_0380,11,0.8977787494659424,1485
chartqa_train_0380,12,0.9035908579826355,1485
chartqa_train_0380,13,0.9132780432701111,1485
chartqa_train_0380,14,0.8975831270217896,1485
chartqa_train_0380,15,0.8948584794998169,1485
chartqa_train_0380,16,0.822655975818634,1485
chartqa_train_0380,17,0.9146308898925781,1485
chartqa_train_0380,18,0.8666616082191467,1485
chartqa_train_0380,19,0.7684019804000854,1485
chartqa_train_0380,20,0.8304510712623596,1485
chartqa_train_0380,21,0.8519988059997559,1485
chartqa_train_0380,22,0.8170937895774841,1485
chartqa_train_0380,23,0.8707177639007568,1485
chartqa_train_0380,24,0.8172526359558105,1485
chartqa_train_0380,25,0.8506777286529541,1485
chartqa_train_0380,26,0.7653370499610901,1485
chartqa_train_0380,27,0.8499343395233154,1485
chartqa_train_0383,0,0.8991170525550842,1485
chartqa_train_0383,1,0.9022901058197021,1485
chartqa_train_0383,2,0.9212536215782166,1485
chartqa_train_0383,3,0.9246277213096619,1485
chartqa_train_0383,4,0.8251107931137085,1485
chartqa_train_0383,5,0.9000489115715027,1485
chartqa_train_0383,6,0.9206880927085876,1485
chartqa_train_0383,7,0.9050877690315247,1485
chartqa_train_0383,8,0.8083174228668213,1485
chartqa_train_0383,9,0.8751906156539917,1485
chartqa_train_0383,10,0.8972544074058533,1485
chartqa_train_0383,11,0.848025381565094,1485
chartqa_train_0383,12,0.8963636755943298,1485
chartqa_train_0383,13,0.9039343595504761,1485
chartqa_train_0383,14,0.7579831480979919,1485
chartqa_train_0383,15,0.7960569858551025,1485
chartqa_train_0383,16,0.7475355267524719,1485
chartqa_train_0383,17,0.7810037136077881,1485
chartqa_train_0383,18,0.8317341804504395,1485
chartqa_train_0383,19,0.7391575574874878,1485
chartqa_train_0383,20,0.7044155597686768,1485
chartqa_train_0383,21,0.7474334239959717,1485
chartqa_train_0383,22,0.6971834897994995,1485
chartqa_train_0383,23,0.7230088710784912,1485
chartqa_train_0383,24,0.8599921464920044,1485
chartqa_train_0383,25,0.8269755244255066,1485
chartqa_train_0383,26,0.8499264121055603,1485
chartqa_train_0383,27,0.8449620008468628,1485
chartqa_train_0390,0,0.8984344005584717,1429
chartqa_train_0390,1,0.9024779796600342,1429
chartqa_train_0390,2,0.9299886226654053,1429
chartqa_train_0390,3,0.9426075220108032,1429
chartqa_train_0390,4,0.8868312835693359,1429
chartqa_train_0390,5,0.8953049182891846,1429
chartqa_train_0390,6,0.8791301250457764,1429
chartqa_train_0390,7,0.8915113210678101,1429
chartqa_train_0390,8,0.8853422999382019,1429
chartqa_train_0390,9,0.8447245359420776,1429
chartqa_train_0390,10,0.9072882533073425,1429
chartqa_train_0390,11,0.8618057370185852,1429
chartqa_train_0390,12,0.8383268713951111,1429
chartqa_train_0390,13,0.8349305391311646,1429
chartqa_train_0390,14,0.860931396484375,1429
chartqa_train_0390,15,0.9085626006126404,1429
chartqa_train_0390,16,0.8582233786582947,1429
chartqa_train_0390,17,0.9105446934700012,1429
chartqa_train_0390,18,0.895339846611023,1429
chartqa_train_0390,19,0.8670101165771484,1429
chartqa_train_0390,20,0.8611018657684326,1429
chartqa_train_0390,21,0.8490992188453674,1429
chartqa_train_0390,22,0.7881986498832703,1429
chartqa_train_0390,23,0.8303931355476379,1429
chartqa_train_0390,24,0.8296559453010559,1429
chartqa_train_0390,25,0.8578705787658691,1429
chartqa_train_0390,26,0.8453605771064758,1429
chartqa_train_0390,27,0.8539175391197205,1429
chartqa_train_0391,0,0.9072431325912476,1429
chartqa_train_0391,1,0.9025763869285583,1429
chartqa_train_0391,2,0.9437611103057861,1429
chartqa_train_0391,3,0.9372186660766602,1429
chartqa_train_0391,4,0.8467204570770264,1429
chartqa_train_0391,5,0.893612265586853,1429
chartqa_train_0391,6,0.9387232065200806,1429
chartqa_train_0391,7,0.901982843875885,1429
chartqa_train_0391,8,0.8202078342437744,1429
chartqa_train_0391,9,0.8964054584503174,1429
chartqa_train_0391,10,0.905046820640564,1429
chartqa_train_0391,11,0.8476276397705078,1429
chartqa_train_0391,12,0.8758733868598938,1429
chartqa_train_0391,13,0.8900986313819885,1429
chartqa_train_0391,14,0.7703486084938049,1429
chartqa_train_0391,15,0.7867891788482666,1429
chartqa_train_0391,16,0.7857288718223572,1429
chartqa_train_0391,17,0.7997511029243469,1429
chartqa_train_0391,18,0.7926836013793945,1429
chartqa_train_0391,19,0.7995188236236572,1429
chartqa_train_0391,20,0.8207874298095703,1429
chartqa_train_0391,21,0.830030083656311,1429
chartqa_train_0391,22,0.7605491876602173,1429
chartqa_train_0391,23,0.8368352055549622,1429
chartqa_train_0391,24,0.8990421295166016,1429
chartqa_train_0391,25,0.7956313490867615,1429
chartqa_train_0391,26,0.8321064114570618,1429
chartqa_train_0391,27,0.8794090747833252,1429
chartqa_train_0393,0,0.9140402674674988,1429
chartqa_train_0393,1,0.9105349779129028,1429
chartqa_train_0393,2,0.93719881772995,1429
chartqa_train_0393,3,0.9416068196296692,1429
chartqa_train_0393,4,0.8782252669334412,1429
chartqa_train_0393,5,0.9080197215080261,1429
chartqa_train_0393,6,0.9318974614143372,1429
chartqa_train_0393,7,0.9115744233131409,1429
chartqa_train_0393,8,0.8315178155899048,1429
chartqa_train_0393,9,0.8734032511711121,1429
chartqa_train_0393,10,0.917629063129425,1429
chartqa_train_0393,11,0.8594278693199158,1429
chartqa_train_0393,12,0.902596116065979,1429
chartqa_train_0393,13,0.9044134020805359,1429
chartqa_train_0393,14,0.7682639956474304,1429
chartqa_train_0393,15,0.8036706447601318,1429
chartqa_train_0393,16,0.7670618891716003,1429
chartqa_train_0393,17,0.8169781565666199,1429
chartqa_train_0393,18,0.8234830498695374,1429
chartqa_train_0393,19,0.7648964524269104,1429
chartqa_train_0393,20,0.7722371816635132,1429
chartqa_train_0393,21,0.7777305841445923,1429
chartqa_train_0393,22,0.6809462904930115,1429
chartqa_train_0393,23,0.7205154299736023,1429
chartqa_train_0393,24,0.8704465627670288,1429
chartqa_train_0393,25,0.8606864809989929,1429
chartqa_train_0393,26,0.8526479005813599,1429
chartqa_train_0393,27,0.8820050358772278,1429
chartqa_train_0404,0,0.9307827353477478,1377
chartqa_train_0404,1,0.9033386707305908,1377
chartqa_train_0404,2,0.9270150661468506,1377
chartqa_train_0404,3,0.9195193648338318,1377
chartqa_train_0404,4,0.7987378239631653,1377
chartqa_train_0404,5,0.8738166689872742,1377
chartqa_train_0404,6,0.9308912754058838,1377
chartqa_train_0404,7,0.9000803828239441,1377
chartqa_train_0404,8,0.7832975387573242,1377
chartqa_train_0404,9,0.8691937327384949,1377
chartqa_train_0404,10,0.8902674317359924,1377
chartqa_train_0404,11,0.7982117533683777,1377
chartqa_train_0404,12,0.8457982540130615,1377
chartqa_train_0404,13,0.8753003478050232,1377
chartqa_train_0404,14,0.7204244136810303,1377
chartqa_train_0404,15,0.7156199812889099,1377
chartqa_train_0404,16,0.7092989683151245,1377
chartqa_train_0404,17,0.7594901323318481,1377
chartqa_train_0404,18,0.7959761619567871,1377
chartqa_train_0404,19,0.6367477178573608,1377
chartqa_train_0404,20,0.7369000911712646,1377
chartqa_train_0404,21,0.7893366813659668,1377
chartqa_train_0404,22,0.6944467425346375,1377
chartqa_train_0404,23,0.7682643532752991,1377
chartqa_train_0404,24,0.8227285146713257,1377
chartqa_train_0404,25,0.7661583423614502,1377
chartqa_train_0404,26,0.7316949963569641,1377
chartqa_train_0404,27,0.853431224822998,1377
chartqa_train_0405,0,0.927353024482727,1377
chartqa_train_0405,1,0.9090225696563721,1377
chartqa_train_0405,2,0.9056113958358765,1377
chartqa_train_0405,3,0.9020348787307739,1377
chartqa_train_0405,4,0.8779776096343994,1377
chartqa_train_0405,5,0.889260470867157,1377
chartqa_train_0405,6,0.9019412994384766,1377
chartqa_train_0405,7,0.894794225692749,1377
chartqa_train_0405,8,0.8895125985145569,1377
chartqa_train_0405,9,0.8414117693901062,1377
chartqa_train_0405,10,0.9022682309150696,1377
chartqa_train_0405,11,0.8712003827095032,1377
chartqa_train_0405,12,0.854148268699646,1377
chartqa_train_0405,13,0.8830503821372986,1377
chartqa_train_0405,14,0.7700559496879578,1377
chartqa_train_0405,15,0.8659751415252686,1377
chartqa_train_0405,16,0.8521122932434082,1377
chartqa_train_0405,17,0.8858024477958679,1377
chartqa_train_0405,18,0.8975259065628052,1377
chartqa_train_0405,19,0.8652585744857788,1377
chartqa_train_0405,20,0.8707790970802307,1377
chartqa_train_0405,21,0.8820664882659912,1377
chartqa_train_0405,22,0.8903009295463562,1377
chartqa_train_0405,23,0.8733182549476624,1377
chartqa_train_0405,24,0.8729639649391174,1377
chartqa_train_0405,25,0.9021586179733276,1377
chartqa_train_0405,26,0.873496413230896,1377
chartqa_train_0405,27,0.854230523109436,1377
chartqa_train_0410,0,0.88925701379776,1566
chartqa_train_0410,1,0.8966721296310425,1566
chartqa_train_0410,2,0.9232318997383118,1566
chartqa_train_0410,3,0.9229645133018494,1566
chartqa_train_0410,4,0.8800586462020874,1566
chartqa_train_0410,5,0.8726150989532471,1566
chartqa_train_0410,6,0.8769119381904602,1566
chartqa_train_0410,7,0.8651384711265564,1566
chartqa_train_0410,8,0.8816837668418884,1566
chartqa_train_0410,9,0.8552014827728271,1566
chartqa_train_0410,10,0.8934050798416138,1566
chartqa_train_0410,11,0.8573432564735413,1566
chartqa_train_0410,12,0.8066691160202026,1566
chartqa_train_0410,13,0.7772859930992126,1566
chartqa_train_0410,14,0.8782001733779907,1566
chartqa_train_0410,15,0.9057958126068115,1566
chartqa_train_0410,16,0.8292133212089539,1566
chartqa_train_0410,17,0.8940005898475647,1566
chartqa_train_0410,18,0.8689812421798706,1566
chartqa_train_0410,19,0.8291455507278442,1566
chartqa_train_0410,20,0.8982574343681335,1566
chartqa_train_0410,21,0.9126383662223816,1566
chartqa_train_0410,22,0.8657169938087463,1566
chartqa_train_0410,23,0.8793049454689026,1566
chartqa_train_0410,24,0.8683155179023743,1566
chartqa_train_0410,25,0.8706814050674438,1566
chartqa_train_0410,26,0.7908976078033447,1566
chartqa_train_0410,27,0.8722952008247375,1566
chartqa_train_0413,0,0.9041447043418884,1620
chartqa_train_0413,1,0.9039700627326965,1620
chartqa_train_0413,2,0.9280258417129517,1620
chartqa_train_0413,3,0.9281945824623108,1620
chartqa_train_0413,4,0.8628662824630737,1620
chartqa_train_0413,5,0.9157902598381042,1620
chartqa_train_0413,6,0.9067991971969604,1620
chartqa_train_0413,7,0.9006767868995667,1620
chartqa_train_0413,8,0.8802964091300964,1620
chartqa_train_0413,9,0.8846596479415894,1620
chartqa_train_0413,10,0.9271078705787659,1620
chartqa_train_0413,11,0.9002770185470581,1620
chartqa_train_0413,12,0.8908154368400574,1620
chartqa_train_0413,13,0.9027518033981323,1620
chartqa_train_0413,14,0.84290611743927,1620
chartqa_train_0413,15,0.8775971531867981,1620
chartqa_train_0413,16,0.8472120761871338,1620
chartqa_train_0413,17,0.8429093360900879,1620
chartqa_train_0413,18,0.8464381694793701,1620
chartqa_train_0413,19,0.7043958306312561,1620
chartqa_train_0413,20,0.7348769307136536,1620
chartqa_train_0413,21,0.758733868598938,1620
chartqa_train_0413,22,0.7099279165267944,1620
chartqa_train_0413,23,0.7610524892807007,1620
chartqa_train_0413,24,0.8905723094940186,1620
chartqa_train_0413,25,0.8477944731712341,1620
chartqa_train_0413,26,0.8538804650306702,1620
chartqa_train_0413,27,0.892757773399353,1620
chartqa_train_0415,0,0.9301213026046753,1431
chartqa_train_0415,1,0.9146495461463928,1431
chartqa_train_0415,2,0.9225466251373291,1431
chartqa_train_0415,3,0.9177384376525879,1431
chartqa_train_0415,4,0.8130972385406494,1431
chartqa_train_0415,5,0.8974019289016724,1431
chartqa_train_0415,6,0.9080193638801575,1431
chartqa_train_0415,7,0.8959676027297974,1431
chartqa_train_0415,8,0.8803786635398865,1431
chartqa_train_0415,9,0.8343881368637085,1431
chartqa_train_0415,10,0.9118313789367676,1431
chartqa_train_0415,11,0.891425371170044,1431
chartqa_train_0415,12,0.8940684795379639,1431
chartqa_train_0415,13,0.9052075743675232,1431
chartqa_train_0415,14,0.8390708565711975,1431
chartqa_train_0415,15,0.8314955830574036,1431
chartqa_train_0415,16,0.8899497389793396,1431
chartqa_train_0415,17,0.8978163599967957,1431
chartqa_train_0415,18,0.8890363574028015,1431
chartqa_train_0415,19,0.8851349949836731,1431
chartqa_train_0415,20,0.8968968391418457,1431
chartqa_train_0415,21,0.9090988636016846,1431
chartqa_train_0415,22,0.8649925589561462,1431
chartqa_train_0415,23,0.8948549032211304,1431
chartqa_train_0415,24,0.8778404593467712,1431
chartqa_train_0415,25,0.8789594769477844,1431
chartqa_train_0415,26,0.8485766649246216,1431
chartqa_train_0415,27,0.8854933381080627,1431
chartqa_train_0417,0,0.9199414253234863,1431
chartqa_train_0417,1,0.9007267951965332,1431
chartqa_train_0417,2,0.8956350088119507,1431
chartqa_train_0417,3,0.913927435874939,1431
chartqa_train_0417,4,0.8579684495925903,1431
chartqa_train_0417,5,0.8826466798782349,1431
chartqa_train_0417,6,0.8605483174324036,1431
chartqa_train_0417,7,0.8753786683082581,1431
chartqa_train_0417,8,0.8804036974906921,1431
chartqa_train_0417,9,0.8164214491844177,1431
chartqa_train_0417,10,0.8847940564155579,1431
chartqa_train_0417,11,0.872352659702301,1431
chartqa_train_0417,12,0.8802402019500732,1431
chartqa_train_0417,13,0.8957337737083435,1431
chartqa_train_0417,14,0.9238693118095398,1431
chartqa_train_0417,15,0.9357813000679016,1431
chartqa_train_0417,16,0.9245766997337341,1431
chartqa_train_0417,17,0.9366905689239502,1431
chartqa_train_0417,18,0.9245404005050659,1431
chartqa_train_0417,19,0.8975072503089905,1431
chartqa_train_0417,20,0.8752877116203308,1431
chartqa_train_0417,21,0.8631203174591064,1431
chartqa_train_0417,22,0.8805918097496033,1431
chartqa_train_0417,23,0.8838246464729309,1431
chartqa_train_0417,24,0.8468174338340759,1431
chartqa_train_0417,25,0.8984339833259583,1431
chartqa_train_0417,26,0.8624715805053711,1431
chartqa_train_0417,27,0.8777620792388916,1431
chartqa_train_0419,0,0.9041240811347961,1620
chartqa_train_0419,1,0.9020941853523254,1620
chartqa_train_0419,2,0.9353845119476318,1620
chartqa_train_0419,3,0.9203061461448669,1620
chartqa_train_0419,4,0.8447373509407043,1620
chartqa_train_0419,5,0.8868800401687622,1620
chartqa_train_0419,6,0.9195071458816528,1620
chartqa_train_0419,7,0.8959422707557678,1620
chartqa_train_0419,8,0.7322062849998474,1620
chartqa_train_0419,9,0.8612543940544128,1620
chartqa_train_0419,10,0.9174584150314331,1620
chartqa_train_0419,11,0.8496189117431641,1620
chartqa_train_0419,12,0.8769208192825317,1620
chartqa_train_0419,13,0.8865272998809814,1620
chartqa_train_0419,14,0.7772435545921326,1620
chartqa_train_0419,15,0.7947263717651367,1620
chartqa_train_0419,16,0.7767115235328674,1620
chartqa_train_0419,17,0.8324941992759705,1620
chartqa_train_0419,18,0.8041759729385376,1620
chartqa_train_0419,19,0.6572327613830566,1620
chartqa_train_0419,20,0.7756142020225525,1620
chartqa_train_0419,21,0.6461730599403381,1620
chartqa_train_0419,22,0.6701270341873169,1620
chartqa_train_0419,23,0.7049827575683594,1620
chartqa_train_0419,24,0.8927647471427917,1620
chartqa_train_0419,25,0.8928477168083191,1620
chartqa_train_0419,26,0.8671211004257202,1620
chartqa_train_0419,27,0.9004487991333008,1620
chartqa_train_0420,0,0.9035441279411316,1620
chartqa_train_0420,1,0.9035009145736694,1620
chartqa_train_0420,2,0.9389508366584778,1620
chartqa_train_0420,3,0.9288047552108765,1620
chartqa_train_0420,4,0.8881945610046387,1620
chartqa_train_0420,5,0.9119903445243835,1620
chartqa_train_0420,6,0.9200601577758789,1620
chartqa_train_0420,7,0.912438690662384,1620
chartqa_train_0420,8,0.8240231275558472,1620
chartqa_train_0420,9,0.8815723061561584,1620
chartqa_train_0420,10,0.8859179019927979,1620
chartqa_train_0420,11,0.8693035840988159,1620
chartqa_train_0420,12,0.8806686401367188,1620
chartqa_train_0420,13,0.906223475933075,1620
chartqa_train_0420,14,0.7096116542816162,1620
chartqa_train_0420,15,0.6872662305831909,1620
chartqa_train_0420,16,0.6604456901550293,1620
chartqa_train_0420,17,0.7108282446861267,1620
chartqa_train_0420,18,0.7733078002929688,1620
chartqa_train_0420,19,0.7135072350502014,1620
chartqa_train_0420,20,0.7792611122131348,1620
chartqa_train_0420,21,0.7799754738807678,1620
chartqa_train_0420,22,0.7729235887527466,1620
chartqa_train_0420,23,0.7680320143699646,1620
chartqa_train_0420,24,0.8621623516082764,1620
chartqa_train_0420,25,0.844216525554657,1620
chartqa_train_0420,26,0.7715557813644409,1620
chartqa_train_0420,27,,1620
chartqa_train_0429,0,0.8991076946258545,1793
chartqa_train_0429,1,0.898847222328186,1793
chartqa_train_0429,2,0.9255221486091614,1793
chartqa_train_0429,3,0.9316486120223999,1793
chartqa_train_0429,4,0.8748135566711426,1793
chartqa_train_0429,5,0.8981134295463562,1793
chartqa_train_0429,6,0.8896320462226868,1793
chartqa_train_0429,7,0.8784776329994202,1793
chartqa_train_0429,8,0.8658366203308105,1793
chartqa_train_0429,9,0.8388288021087646,1793
chartqa_train_0429,10,0.8660123348236084,1793
chartqa_train_0429,11,0.8639227151870728,1793
chartqa_train_0429,12,0.8674204349517822,1793
chartqa_train_0429,13,0.8535161018371582,1793
chartqa_train_0429,14,0.8684030771255493,1793
chartqa_train_0429,15,0.8944962620735168,1793
chartqa_train_0429,16,0.886762797832489,1793
chartqa_train_0429,17,0.8905853629112244,1793
chartqa_train_0429,18,0.8923068046569824,1793
chartqa_train_0429,19,0.8590843677520752,1793
chartqa_train_0429,20,0.8902608752250671,1793
chartqa_train_0429,21,0.8908186554908752,1793
chartqa_train_0429,22,0.8928709626197815,1793
chartqa_train_0429,23,0.8805111050605774,1793
chartqa_train_0429,24,0.8795008063316345,1793
chartqa_train_0429,25,0.8994774222373962,1793
chartqa_train_0429,26,0.8359887003898621,1793
chartqa_train_0429,27,0.8863741755485535,1793
chartqa_train_0431,0,0.9092060327529907,1793
chartqa_train_0431,1,0.9107670187950134,1793
chartqa_train_0431,2,0.9205045700073242,1793
chartqa_train_0431,3,0.929559051990509,1793
chartqa_train_0431,4,0.854406476020813,1793
chartqa_train_0431,5,0.8726891875267029,1793
chartqa_train_0431,6,0.9000442028045654,1793
chartqa_train_0431,7,0.8816844820976257,1793
chartqa_train_0431,8,0.8647295832633972,1793
chartqa_train_0431,9,0.8459883332252502,1793
chartqa_train_0431,10,0.8927369713783264,1793
chartqa_train_0431,11,0.8888264298439026,1793
chartqa_train_0431,12,0.8698510527610779,1793
chartqa_train_0431,13,0.8874849677085876,1793
chartqa_train_0431,14,0.8665466904640198,1793
chartqa_train_0431,15,0.8935738205909729,1793
chartqa_train_0431,16,0.8496172428131104,1793
chartqa_train_0431,17,0.8943220973014832,1793
chartqa_train_0431,18,0.8929752111434937,1793
chartqa_train_0431,19,0.856080949306488,1793
chartqa_train_0431,20,0.8887840509414673,1793
chartqa_train_0431,21,0.9001070857048035,1793
chartqa_train_0431,22,0.8606957197189331,1793
chartqa_train_0431,23,0.857629120349884,1793
chartqa_train_0431,24,0.8931418061256409,1793
chartqa_train_0431,25,0.8676126599311829,1793
chartqa_train_0431,26,0.8584812879562378,1793
chartqa_train_0431,27,0.8847395181655884,1793
chartqa_train_0433,0,0.9286835789680481,1377
chartqa_train_0433,1,0.9028072953224182,1377
chartqa_train_0433,2,0.8907975554466248,1377
chartqa_train_0433,3,0.887641429901123,1377
chartqa_train_0433,4,0.8850124478340149,1377
chartqa_train_0433,5,0.890886664390564,1377
chartqa_train_0433,6,0.9147855043411255,1377
chartqa_train_0433,7,0.8857064843177795,1377
chartqa_train_0433,8,0.8411036133766174,1377
chartqa_train_0433,9,0.8609207272529602,1377
chartqa_train_0433,10,0.9241721034049988,1377
chartqa_train_0433,11,0.8182986974716187,1377
chartqa_train_0433,12,0.8791013956069946,1377
chartqa_train_0433,13,0.8937868475914001,1377
chartqa_train_0433,14,0.765112578868866,1377
chartqa_train_0433,15,0.8316847681999207,1377
chartqa_train_0433,16,0.8246973156929016,1377
chartqa_train_0433,17,0.8424826860427856,1377
chartqa_train_0433,18,0.8628333210945129,1377
chartqa_train_0433,19,0.7947513461112976,1377
chartqa_train_0433,20,0.7934232950210571,1377
chartqa_train_0433,21,0.7660369873046875,1377
chartqa_train_0433,22,0.7027609348297119,1377
chartqa_train_0433,23,0.7464438676834106,1377
chartqa_train_0433,24,0.891128659248352,1377
chartqa_train_0433,25,0.8745602965354919,1377
chartqa_train_0433,26,0.8822612166404724,1377
chartqa_train_0433,27,0.8956601023674011,1377
chartqa_train_0434,0,0.9179480671882629,1377
chartqa_train_0434,1,0.8989866971969604,1377
chartqa_train_0434,2,0.8778548240661621,1377
chartqa_train_0434,3,0.8948778510093689,1377
chartqa_train_0434,4,0.8656296730041504,1377
chartqa_train_0434,5,0.8734872341156006,1377
chartqa_train_0434,6,0.8736353516578674,1377
chartqa_train_0434,7,0.8491700291633606,1377
chartqa_train_0434,8,0.8841450810432434,1377
chartqa_train_0434,9,0.771977961063385,1377
chartqa_train_0434,10,0.8766389489173889,1377
chartqa_train_0434,11,0.8679343461990356,1377
chartqa_train_0434,12,0.8396810293197632,1377
chartqa_train_0434,13,0.8301487565040588,1377
chartqa_train_0434,14,0.8711298704147339,1377
chartqa_train_0434,15,0.9029743075370789,1377
chartqa_train_0434,16,0.8687341809272766,1377
chartqa_train_0434,17,0.896620512008667,1377
chartqa_train_0434,18,0.8446959257125854,1377
chartqa_train_0434,19,0.8309429287910461,1377
chartqa_train_0434,20,0.8957277536392212,1377
chartqa_train_0434,21,0.8823041319847107,1377
chartqa_train_0434,22,0.8593012690544128,1377
chartqa_train_0434,23,0.8691133856773376,1377
chartqa_train_0434,24,0.8370811343193054,1377
chartqa_train_0434,25,0.8985699415206909,1377
chartqa_train_0434,26,0.7931432127952576,1377
chartqa_train_0434,27,0.8629508018493652,1377
chartqa_train_0436,0,0.9287077188491821,1323
chartqa_train_0436,1,0.9145339727401733,1323
chartqa_train_0436,2,0.9144636988639832,1323
chartqa_train_0436,3,0.929720401763916,1323
chartqa_train_0436,4,0.9028946757316589,1323
chartqa_train_0436,5,0.9197415709495544,1323
chartqa_train_0436,6,0.9149271249771118,1323
chartqa_train_0436,7,0.91596519947052,1323
chartqa_train_0436,8,0.9030611515045166,1323
chartqa_train_0436,9,0.8787619471549988,1323
chartqa_train_0436,10,0.9297052025794983,1323
chartqa_train_0436,11,0.9394402503967285,1323
chartqa_train_0436,12,0.9392642974853516,1323
chartqa_train_0436,13,0.9388103485107422,1323
chartqa_train_0436,14,0.9138400554656982,1323
chartqa_train_0436,15,0.9234938621520996,1323
chartqa_train_0436,16,0.8842275738716125,1323
chartqa_train_0436,17,0.9313345551490784,1323
chartqa_train_0436,18,0.9365764856338501,1323
chartqa_train_0436,19,0.8731658458709717,1323
chartqa_train_0436,20,0.9129728078842163,1323
chartqa_train_0436,21,0.8467235565185547,1323
chartqa_train_0436,22,0.7950695157051086,1323
chartqa_train_0436,23,0.7947888374328613,1323
chartqa_train_0436,24,0.872290849685669,1323
chartqa_train_0436,25,0.8659636378288269,1323
chartqa_train_0436,26,0.8533561825752258,1323
chartqa_train_0436,27,,1323
chartqa_train_0437,0,0.934477686882019,1323
chartqa_train_0437,1,0.9073360562324524,1323
chartqa_train_0437,2,0.9182082414627075,1323
chartqa_train_0437,3,0.8780661225318909,1323
chartqa_train_0437,4,0.7788673043251038,1323
chartqa_train_0437,5,0.8728543519973755,1323
chartqa_train_0437,6,0.9399762749671936,1323
chartqa_train_0437,7,0.8813868165016174,1323
chartqa_train_0437,8,0.7427300214767456,1323
chartqa_train_0437,9,0.857628583908081,1323
chartqa_train_0437,10,0.9000869989395142,1323
chartqa_train_0437,11,0.8273531198501587,1323
chartqa_train_0437,12,0.8584290146827698,1323
chartqa_train_0437,13,0.8466044068336487,1323
chartqa_train_0437,14,0.6942822337150574,1323
chartqa_train_0437,15,0.7576465606689453,1323
chartqa_train_0437,16,0.757789134979248,1323
chartqa_train_0437,17,0.7714782953262329,1323
chartqa_train_0437,18,0.7333416938781738,1323
chartqa_train_0437,19,0.5567576289176941,1323
chartqa_train_0437,20,0.6818074584007263,1323
chartqa_train_0437,21,0.6912641525268555,1323
chartqa_train_0437,22,0.5989975333213806,1323
chartqa_train_0437,23,0.6373813152313232,1323
chartqa_train_0437,24,0.8779979944229126,1323
chartqa_train_0437,25,0.8083388805389404,1323
chartqa_train_0437,26,0.7521717548370361,1323
chartqa_train_0437,27,0.856820821762085,1323
chartqa_train_0438,0,0.8972799777984619,3726
chartqa_train_0438,1,0.9310809373855591,3726
chartqa_train_0438,2,0.9245733022689819,3726
chartqa_train_0438,3,0.9198688268661499,3726
chartqa_train_0438,4,0.8880659341812134,3726
chartqa_train_0438,5,0.9090583920478821,3726
chartqa_train_0438,6,0.8947030901908875,3726
chartqa_train_0438,7,0.8916140794754028,3726
chartqa_train_0438,8,0.8699251413345337,3726
chartqa_train_0438,9,0.7796116471290588,3726
chartqa_train_0438,10,0.8630175590515137,3726
chartqa_train_0438,11,0.8963513970375061,3726
chartqa_train_0438,12,0.9014055132865906,3726
chartqa_train_0438,13,0.8596122860908508,3726
chartqa_train_0438,14,0.8658109307289124,3726
chartqa_train_0438,15,0.9375633597373962,3726
chartqa_train_0438,16,0.9044385552406311,3726
chartqa_train_0438,17,0.9271126985549927,3726
chartqa_train_0438,18,0.9196452498435974,3726
chartqa_train_0438,19,0.8866258859634399,3726
chartqa_train_0438,20,0.8993595838546753,3726
chartqa_train_0438,21,0.8581703901290894,3726
chartqa_train_0438,22,0.7570231556892395,3726
chartqa_train_0438,23,0.7926679849624634,3726
chartqa_train_0438,24,0.855928361415863,3726
chartqa_train_0438,25,0.8046029210090637,3726
chartqa_train_0438,26,0.7924519777297974,3726
chartqa_train_0438,27,,3726
chartqa_train_0444,0,0.9193460941314697,1377
chartqa_train_0444,1,0.8990640640258789,1377
chartqa_train_0444,2,0.9058655500411987,1377
chartqa_train_0444,3,0.9193145632743835,1377
chartqa_train_0444,4,0.8829839825630188,1377
chartqa_train_0444,5,0.9097455143928528,1377
chartqa_train_0444,6,0.9184095859527588,1377
chartqa_train_0444,7,0.9125503301620483,1377
chartqa_train_0444,8,0.8708755373954773,1377
chartqa_train_0444,9,0.8788433074951172,1377
chartqa_train_0444,10,0.9295008778572083,1377
chartqa_train_0444,11,0.9074951410293579,1377
chartqa_train_0444,12,0.9038279056549072,1377
chartqa_train_0444,13,0.9233407974243164,1377
chartqa_train_0444,14,0.8155996799468994,1377
chartqa_train_0444,15,0.8369653224945068,1377
chartqa_train_0444,16,0.8133293390274048,1377
chartqa_train_0444,17,0.8519037365913391,1377
chartqa_train_0444,18,0.9037864804267883,1377
chartqa_train_0444,19,0.7766022682189941,1377
chartqa_train_0444,20,0.8622769117355347,1377
chartqa_train_0444,21,0.8527669906616211,1377
chartqa_train_0444,22,0.7581551671028137,1377
chartqa_train_0444,23,0.8352839350700378,1377
chartqa_train_0444,24,0.8730090856552124,1377
chartqa_train_0444,25,0.8666456937789917,1377
chartqa_train_0444,26,0.8425935506820679,1377
chartqa_train_0444,27,,1377
chartqa_train_0449,0,0.9023372530937195,1782
chartqa_train_0449,1,0.9105921387672424,1782
chartqa_train_0449,2,0.9273792505264282,1782
chartqa_train_0449,3,0.9330579042434692,1782
chartqa_train_0449,4,0.8618246912956238,1782
chartqa_train_0449,5,0.8782309293746948,1782
chartqa_train_0449,6,0.8468521237373352,1782
chartqa_train_0449,7,0.8435954451560974,1782
chartqa_train_0449,8,0.8547528982162476,1782
chartqa_train_0449,9,0.7611424922943115,1782
chartqa_train_0449,10,0.8577591180801392,1782
chartqa_train_0449,11,0.8632057309150696,1782
chartqa_train_0449,12,0.8662781715393066,1782
chartqa_train_0449,13,0.8429760336875916,1782
chartqa_train_0449,14,0.8889566659927368,1782
chartqa_train_0449,15,0.8989828824996948,1782
chartqa_train_0449,16,0.8680508732795715,1782
chartqa_train_0449,17,0.888672947883606,1782
chartqa_train_0449,18,0.8629752397537231,1782
chartqa_train_0449,19,0.8462749123573303,1782
chartqa_train_0449,20,0.8693650364875793,1782
chartqa_train_0449,21,0.8618133068084717,1782
chartqa_train_0449,22,0.840296745300293,1782
chartqa_train_0449,23,0.8594774603843689,1782
chartqa_train_0449,24,0.8486294150352478,1782
chartqa_train_0449,25,0.8811856508255005,1782
chartqa_train_0449,26,0.8198449015617371,1782
chartqa_train_0449,27,0.8386014103889465,1782
chartqa_train_0450,0,0.9013286828994751,1836
chartqa_train_0450,1,0.9206260442733765,1836
chartqa_train_0450,2,0.9290347695350647,1836
chartqa_train_0450,3,0.9322659373283386,1836
chartqa_train_0450,4,0.8986969590187073,1836
chartqa_train_0450,5,0.9149901270866394,1836
chartqa_train_0450,6,0.874804675579071,1836
chartqa_train_0450,7,0.884627640247345,1836
chartqa_train_0450,8,0.8792796730995178,1836
chartqa_train_0450,9,0.7981112599372864,1836
chartqa_train_0450,10,0.8835017681121826,1836
chartqa_train_0450,11,0.8748846650123596,1836
chartqa_train_0450,12,0.880213737487793,1836
chartqa_train_0450,13,0.8638012409210205,1836
chartqa_train_0450,14,0.899747371673584,1836
chartqa_train_0450,15,0.9076583981513977,1836
chartqa_train_0450,16,0.8844791054725647,1836
chartqa_train_0450,17,0.9064925312995911,1836
chartqa_train_0450,18,0.8977964520454407,1836
chartqa_train_0450,19,0.8677338361740112,1836
chartqa_train_0450,20,0.8861724138259888,1836
chartqa_train_0450,21,0.8814854025840759,1836
chartqa_train_0450,22,0.8689891695976257,1836
chartqa_train_0450,23,0.8779036402702332,1836
chartqa_train_0450,24,0.8504382371902466,1836
chartqa_train_0450,25,0.8844782114028931,1836
chartqa_train_0450,26,0.828033983707428,1836
chartqa_train_0450,27,,1836
chartqa_train_0451,0,0.8954407572746277,1836
chartqa_train_0451,1,0.9105547070503235,1836
chartqa_train_0451,2,0.9277348518371582,1836
chartqa_train_0451,3,0.9325342178344727,1836
chartqa_train_0451,4,0.8628064393997192,1836
chartqa_train_0451,5,0.8774005174636841,1836
chartqa_train_0451,6,0.860430121421814,1836
chartqa_train_0451,7,0.8549852967262268,1836
chartqa_train_0451,8,0.8531274199485779,1836
chartqa_train_0451,9,0.7716113924980164,1836
chartqa_train_0451,10,0.8755527138710022,1836
chartqa_train_0451,11,0.8348017930984497,1836
chartqa_train_0451,12,0.862385630607605,1836
chartqa_train_0451,13,0.8441964983940125,1836
chartqa_train_0451,14,0.9013934135437012,1836
chartqa_train_0451,15,0.9062923192977905,1836
chartqa_train_0451,16,0.8833999037742615,1836
chartqa_train_0451,17,0.9042332172393799,1836
chartqa_train_0451,18,0.869925856590271,1836
chartqa_train_0451,19,0.8365004062652588,1836
chartqa_train_0451,20,0.8998862504959106,1836
chartqa_train_0451,21,0.881507158279419,1836
chartqa_train_0451,22,0.8804704546928406,1836
chartqa_train_0451,23,0.8784008622169495,1836
chartqa_train_0451,24,0.8752385377883911,1836
chartqa_train_0451,25,0.8945125937461853,1836
chartqa_train_0451,26,0.8388255834579468,1836
chartqa_train_0451,27,0.8361721038818359,1836
chartqa_train_0452,0,0.8944389820098877,1674
chartqa_train_0452,1,0.909289538860321,1674
chartqa_train_0452,2,0.9308627843856812,1674
chartqa_train_0452,3,0.9355311393737793,1674
chartqa_train_0452,4,0.8867876529693604,1674
chartqa_train_0452,5,0.8882269859313965,1674
chartqa_train_0452,6,0.8826696872711182,1674
chartqa_train_0452,7,0.8573460578918457,1674
chartqa_train_0452,8,0.8869603872299194,1674
chartqa_train_0452,9,0.788225531578064,1674
chartqa_train_0452,10,0.869642436504364,1674
chartqa_train_0452,11,0.8573151230812073,1674
chartqa_train_0452,12,0.8674460649490356,1674
chartqa_train_0452,13,0.8497039675712585,1674
chartqa_train_0452,14,0.9104710221290588,1674
chartqa_train_0452,15,0.9257609844207764,1674
chartqa_train_0452,16,0.8823921084403992,1674
chartqa_train_0452,17,0.9096214175224304,1674
chartqa_train_0452,18,0.8779819011688232,1674
chartqa_train_0452,19,0.8751228451728821,1674
chartqa_train_0452,20,0.9122341871261597,1674
chartqa_train_0452,21,0.893039345741272,1674
chartqa_train_0452,22,0.8736603260040283,1674
chartqa_train_0452,23,0.8868787884712219,1674
chartqa_train_0452,24,0.8695133328437805,1674
chartqa_train_0452,25,0.8898099064826965,1674
chartqa_train_0452,26,0.8490931987762451,1674
chartqa_train_0452,27,0.8553558588027954,1674
chartqa_train_0458,0,0.8853175640106201,3969
chartqa_train_0458,1,0.8939631581306458,3969
chartqa_train_0458,2,0.9328633546829224,3969
chartqa_train_0458,3,0.9236977696418762,3969
chartqa_train_0458,4,0.8671765923500061,3969
chartqa_train_0458,5,0.8706929087638855,3969
chartqa_train_0458,6,0.8933802247047424,3969
chartqa_train_0458,7,0.8547462224960327,3969
chartqa_train_0458,8,0.7755916714668274,3969
chartqa_train_0458,9,0.8241623640060425,3969
chartqa_train_0458,10,0.8757068514823914,3969
chartqa_train_0458,11,0.8349865674972534,3969
chartqa_train_0458,12,0.8623907566070557,3969
chartqa_train_0458,13,0.8999026417732239,3969
chartqa_train_0458,14,0.7654479146003723,3969
chartqa_train_0458,15,0.8035047650337219,3969
chartqa_train_0458,16,0.8131377696990967,3969
chartqa_train_0458,17,0.7839859127998352,3969
chartqa_train_0458,18,0.8908634185791016,3969
chartqa_train_0458,19,0.7540868520736694,3969
chartqa_train_0458,20,0.8426448702812195,3969
chartqa_train_0458,21,0.7929106950759888,3969
chartqa_train_0458,22,0.6270690560340881,3969
chartqa_train_0458,23,0.7613736391067505,3969
chartqa_train_0458,24,0.8848153948783875,3969
chartqa_train_0458,25,0.8405757546424866,3969
chartqa_train_0458,26,0.8358616828918457,3969
chartqa_train_0458,27,,3969
chartqa_train_0459,0,0.8926786184310913,3969
chartqa_train_0459,1,0.9042854905128479,3969
chartqa_train_0459,2,0.9333081245422363,3969
chartqa_train_0459,3,0.9306909441947937,3969
chartqa_train_0459,4,0.8943365216255188,3969
chartqa_train_0459,5,0.8753446340560913,3969
chartqa_train_0459,6,0.8922157883644104,3969
chartqa_train_0459,7,0.8577327728271484,3969
chartqa_train_0459,8,0.8605188131332397,3969
chartqa_train_0459,9,0.7990264892578125,3969
chartqa_train_0459,10,0.8793976902961731,3969
chartqa_train_0459,11,0.8364195823669434,3969
chartqa_train_0459,12,0.8638152480125427,3969
chartqa_train_0459,13,0.8914026618003845,3969
chartqa_train_0459,14,0.8032256960868835,3969
chartqa_train_0459,15,0.8386240005493164,3969
chartqa_train_0459,16,0.8115056157112122,3969
chartqa_train_0459,17,0.7834718227386475,3969
chartqa_train_0459,18,0.8565750122070312,3969
chartqa_train_0459,19,0.7157090902328491,3969
chartqa_train_0459,20,0.7486041784286499,3969
chartqa_train_0459,21,0.7229481339454651,3969
chartqa_train_0459,22,0.6112924814224243,3969
chartqa_train_0459,23,0.6922451853752136,3969
chartqa_train_0459,24,0.8706408143043518,3969
chartqa_train_0459,25,0.814988374710083,3969
chartqa_train_0459,26,0.814631462097168,3969
chartqa_train_0459,27,,3969
chartqa_train_0462,0,0.9175778031349182,1681
chartqa_train_0462,1,0.917149543762207,1681
chartqa_train_0462,2,0.9504165053367615,1681
chartqa_train_0462,3,0.9400298595428467,1681
chartqa_train_0462,4,0.8172366619110107,1681
chartqa_train_0462,5,0.9067716598510742,1681
chartqa_train_0462,6,0.936641275882721,1681
chartqa_train_0462,7,0.8912307620048523,1681
chartqa_train_0462,8,0.8071811199188232,1681
chartqa_train_0462,9,0.8862291574478149,1681
chartqa_train_0462,10,0.9032394886016846,1681
chartqa_train_0462,11,0.8035150766372681,1681
chartqa_train_0462,12,0.8243940472602844,1681
chartqa_train_0462,13,0.8694382905960083,1681
chartqa_train_0462,14,0.6701908111572266,1681
chartqa_train_0462,15,0.7078223824501038,1681
chartqa_train_0462,16,0.7081484198570251,1681
chartqa_train_0462,17,0.677238404750824,1681
chartqa_train_0462,18,0.8303893804550171,1681
chartqa_train_0462,19,0.7679834365844727,1681
chartqa_train_0462,20,0.8032050132751465,1681
chartqa_train_0462,21,0.7850527763366699,1681
chartqa_train_0462,22,0.6495466828346252,1681
chartqa_train_0462,23,0.7187850475311279,1681
chartqa_train_0462,24,0.8601306676864624,1681
chartqa_train_0462,25,0.7386807203292847,1681
chartqa_train_0462,26,0.7585276961326599,1681
chartqa_train_0462,27,0.8735845685005188,1681
chartqa_train_0469,0,0.8832862973213196,4854
chartqa_train_0469,1,0.8995235562324524,4854
chartqa_train_0469,2,0.9432556629180908,4854
chartqa_train_0469,3,0.930482029914856,4854
chartqa_train_0469,4,0.8662797212600708,4854
chartqa_train_0469,5,0.8657281994819641,4854
chartqa_train_0469,6,0.8470278382301331,4854
chartqa_train_0469,7,0.8599385619163513,4854
chartqa_train_0469,8,0.8427780866622925,4854
chartqa_train_0469,9,0.7531065940856934,4854
chartqa_train_0469,10,0.8549911379814148,4854
chartqa_train_0469,11,0.8203101754188538,4854
chartqa_train_0469,12,0.8224387764930725,4854
chartqa_train_0469,13,0.8664791584014893,4854
chartqa_train_0469,14,0.8245514631271362,4854
chartqa_train_0469,15,0.864939272403717,4854
chartqa_train_0469,16,0.87525475025177,4854
chartqa_train_0469,17,0.8950781226158142,4854
chartqa_train_0469,18,0.8889200091362,4854
chartqa_train_0469,19,0.8706019520759583,4854
chartqa_train_0469,20,0.8789434432983398,4854
chartqa_train_0469,21,0.8351100087165833,4854
chartqa_train_0469,22,0.8389971256256104,4854
chartqa_train_0469,23,0.8036714196205139,4854
chartqa_train_0469,24,0.8940926790237427,4854
chartqa_train_0469,25,0.8719162344932556,4854
chartqa_train_0469,26,0.839633584022522,4854
chartqa_train_0469,27,0.8680357336997986,4854
chartqa_train_0473,0,0.9108899235725403,2241
chartqa_train_0473,1,0.9107106328010559,2241
chartqa_train_0473,2,0.9216947555541992,2241
chartqa_train_0473,3,0.9266461133956909,2241
chartqa_train_0473,4,0.8734433650970459,2241
chartqa_train_0473,5,0.8967369198799133,2241
chartqa_train_0473,6,0.885145902633667,2241
chartqa_train_0473,7,0.8879828453063965,2241
chartqa_train_0473,8,0.882234513759613,2241
chartqa_train_0473,9,0.7859050035476685,2241
chartqa_train_0473,10,0.8404809832572937,2241
chartqa_train_0473,11,0.8478403091430664,2241
chartqa_train_0473,12,0.8411800265312195,2241
chartqa_train_0473,13,0.8033206462860107,2241
chartqa_train_0473,14,0.8178952932357788,2241
chartqa_train_0473,15,0.8873456716537476,2241
chartqa_train_0473,16,0.856911301612854,2241
chartqa_train_0473,17,0.8718397617340088,2241
chartqa_train_0473,18,0.8520107865333557,2241
chartqa_train_0473,19,0.8200912475585938,2241
chartqa_train_0473,20,0.8713559508323669,2241
chartqa_train_0473,21,0.834547221660614,2241
chartqa_train_0473,22,0.8298706412315369,2241
chartqa_train_0473,23,0.8464011549949646,2241
chartqa_train_0473,24,0.8859774470329285,2241
chartqa_train_0473,25,0.8832635283470154,2241
chartqa_train_0473,26,0.8531183004379272,2241
chartqa_train_0473,27,0.8761754035949707,2241
chartqa_train_0474,0,0.9125738739967346,2133
chartqa_train_0474,1,0.9003939032554626,2133
chartqa_train_0474,2,0.9253160953521729,2133
chartqa_train_0474,3,0.9261966943740845,2133
chartqa_train_0474,4,0.8243352174758911,2133
chartqa_train_0474,5,0.892219066619873,2133
chartqa_train_0474,6,0.9301494359970093,2133
chartqa_train_0474,7,0.8942364454269409,2133
chartqa_train_0474,8,0.836098849773407,2133
chartqa_train_0474,9,0.8754041790962219,2133
chartqa_train_0474,10,0.8979477882385254,2133
chartqa_train_0474,11,0.8429490327835083,2133
chartqa_train_0474,12,0.8723112344741821,2133
chartqa_train_0474,13,0.8887315988540649,2133
chartqa_train_0474,14,0.732064962387085,2133
chartqa_train_0474,15,0.7627950310707092,2133
chartqa_train_0474,16,0.7404472827911377,2133
chartqa_train_0474,17,0.757338285446167,2133
chartqa_train_0474,18,0.8577858805656433,2133
chartqa_train_0474,19,0.812130331993103,2133
chartqa_train_0474,20,0.8290716409683228,2133
chartqa_train_0474,21,0.8244727849960327,2133
chartqa_train_0474,22,0.7297687530517578,2133
chartqa_train_0474,23,0.7681053876876831,2133
chartqa_train_0474,24,0.8845252394676208,2133
chartqa_train_0474,25,0.7873944640159607,2133
chartqa_train_0474,26,0.8128083944320679,2133
chartqa_train_0474,27,,2133
chartqa_train_0476,0,0.8937498331069946,3888
chartqa_train_0476,1,0.8879078030586243,3888
chartqa_train_0476,2,0.937284529209137,3888
chartqa_train_0476,3,0.9253816604614258,3888
chartqa_train_0476,4,0.8608130812644958,3888
chartqa_train_0476,5,0.863322913646698,3888
chartqa_train_0476,6,0.8923634886741638,3888
chartqa_train_0476,7,0.8697360157966614,3888
chartqa_train_0476,8,0.7506143450737,3888
chartqa_train_0476,9,0.8220443725585938,3888
chartqa_train_0476,10,0.8714333176612854,3888
chartqa_train_0476,11,0.8368358016014099,3888
chartqa_train_0476,12,0.858283281326294,3888
chartqa_train_0476,13,0.8820940256118774,3888
chartqa_train_0476,14,0.7767176032066345,3888
chartqa_train_0476,15,0.8187167644500732,3888
chartqa_train_0476,16,0.7893660664558411,3888
chartqa_train_0476,17,0.8294018507003784,3888
chartqa_train_0476,18,0.8805076479911804,3888
chartqa_train_0476,19,0.7807573676109314,3888
chartqa_train_0476,20,0.8148229122161865,3888
chartqa_train_0476,21,0.8231509327888489,3888
chartqa_train_0476,22,0.7424527406692505,3888
chartqa_train_0476,23,0.8115498423576355,3888
chartqa_train_0476,24,0.8911840319633484,3888
chartqa_train_0476,25,0.8104923963546753,3888
chartqa_train_0476,26,0.8322941660881042,3888
chartqa_train_0476,27,,3888
chartqa_train_0477,0,0.8915085792541504,3888
chartqa_train_0477,1,0.8991767764091492,3888
chartqa_train_0477,2,0.9355985522270203,3888
chartqa_train_0477,3,0.9208835363388062,3888
chartqa_train_0477,4,0.852623462677002,3888
chartqa_train_0477,5,0.8634642362594604,3888
chartqa_train_0477,6,0.8678033351898193,3888
chartqa_train_0477,7,0.8397203087806702,3888
chartqa_train_0477,8,0.8251890540122986,3888
chartqa_train_0477,9,0.7597168684005737,3888
chartqa_train_0477,10,0.8585497736930847,3888
chartqa_train_0477,11,0.8242323398590088,3888
chartqa_train_0477,12,0.8624511361122131,3888
chartqa_train_0477,13,0.8518447279930115,3888
chartqa_train_0477,14,0.8175610899925232,3888
chartqa_train_0477,15,0.8344902396202087,3888
chartqa_train_0477,16,0.8729556202888489,3888
chartqa_train_0477,17,0.8986986875534058,3888
chartqa_train_0477,18,0.8986577391624451,3888
chartqa_train_0477,19,0.832383930683136,3888
chartqa_train_0477,20,0.8232628107070923,3888
chartqa_train_0477,21,0.8358904123306274,3888
chartqa_train_0477,22,0.7829573750495911,3888
chartqa_train_0477,23,0.8352714776992798,3888
chartqa_train_0477,24,0.8669546842575073,3888
chartqa_train_0477,25,0.8431589603424072,3888
chartqa_train_0477,26,0.8321609497070312,3888
chartqa_train_0477,27,0.8391000032424927,3888
chartqa_train_0480,0,0.9040109515190125,3483
chartqa_train_0480,1,0.8888264894485474,3483
chartqa_train_0480,2,0.9203888177871704,3483
chartqa_train_0480,3,0.9137385487556458,3483
chartqa_train_0480,4,0.8640642166137695,3483
chartqa_train_0480,5,0.8617076277732849,3483
chartqa_train_0480,6,0.9045337438583374,3483
chartqa_train_0480,7,0.8791592717170715,3483
chartqa_train_0480,8,0.7654431462287903,3483
chartqa_train_0480,9,0.8639413714408875,3483
chartqa_train_0480,10,0.8865315914154053,3483
chartqa_train_0480,11,0.843691885471344,3483
chartqa_train_0480,12,0.8818982243537903,3483
chartqa_train_0480,13,0.9029247760772705,3483
chartqa_train_0480,14,0.7584683299064636,3483
chartqa_train_0480,15,0.8146621584892273,3483
chartqa_train_0480,16,0.7927741408348083,3483
chartqa_train_0480,17,0.7536342740058899,3483
chartqa_train_0480,18,0.9081725478172302,3483
chartqa_train_0480,19,0.7506563067436218,3483
chartqa_train_0480,20,0.8532941341400146,3483
chartqa_train_0480,21,0.8415085673332214,3483
chartqa_train_0480,22,0.7096801996231079,3483
chartqa_train_0480,23,0.7815127968788147,3483
chartqa_train_0480,24,0.893830418586731,3483
chartqa_train_0480,25,0.8295980095863342,3483
chartqa_train_0480,26,0.8180443644523621,3483
chartqa_train_0480,27,0.8802108764648438,3483
chartqa_train_0481,0,0.9013200402259827,3483
chartqa_train_0481,1,0.8881181478500366,3483
chartqa_train_0481,2,0.9231394529342651,3483
chartqa_train_0481,3,0.9103848934173584,3483
chartqa_train_0481,4,0.8458802700042725,3483
chartqa_train_0481,5,0.8735175132751465,3483
chartqa_train_0481,6,0.91323322057724,3483
chartqa_train_0481,7,0.8685170412063599,3483
chartqa_train_0481,8,0.7334535121917725,3483
chartqa_train_0481,9,0.8414932489395142,3483
chartqa_train_0481,10,0.8887567520141602,3483
chartqa_train_0481,11,0.8622769713401794,3483
chartqa_train_0481,12,0.8979864716529846,3483
chartqa_train_0481,13,0.896722137928009,3483
chartqa_train_0481,14,0.7394619584083557,3483
chartqa_train_0481,15,0.8002604246139526,3483
chartqa_train_0481,16,0.7932749390602112,3483
chartqa_train_0481,17,0.7785120010375977,3483
chartqa_train_0481,18,0.8831344842910767,3483
chartqa_train_0481,19,0.7614054679870605,3483
chartqa_train_0481,20,0.8201923370361328,3483
chartqa_train_0481,21,0.7245912551879883,3483
chartqa_train_0481,22,0.6577001810073853,3483
chartqa_train_0481,23,0.6735436916351318,3483
chartqa_train_0481,24,0.8789814710617065,3483
chartqa_train_0481,25,0.7933065295219421,3483
chartqa_train_0481,26,0.8242848515510559,3483
chartqa_train_0481,27,,3483
chartqa_train_0486,0,0.8833752274513245,3375
chartqa_train_0486,1,0.8944854140281677,3375
chartqa_train_0486,2,0.9281353950500488,3375
chartqa_train_0486,3,0.9110971093177795,3375
chartqa_train_0486,4,0.8705289959907532,3375
chartqa_train_0486,5,0.8867849111557007,3375
chartqa_train_0486,6,0.8803862929344177,3375
chartqa_train_0486,7,0.8731569051742554,3375
chartqa_train_0486,8,0.8070770502090454,3375
chartqa_train_0486,9,0.8132646083831787,3375
chartqa_train_0486,10,0.8960862159729004,3375
chartqa_train_0486,11,0.8798589706420898,3375
chartqa_train_0486,12,0.8854517936706543,3375
chartqa_train_0486,13,0.9030960202217102,3375
chartqa_train_0486,14,0.8040485382080078,3375
chartqa_train_0486,15,0.8081128597259521,3375
chartqa_train_0486,16,0.8198808431625366,3375
chartqa_train_0486,17,0.8439732193946838,3375
chartqa_train_0486,18,0.905218243598938,3375
chartqa_train_0486,19,0.7626921534538269,3375
chartqa_train_0486,20,0.8704555630683899,3375
chartqa_train_0486,21,0.8238330483436584,3375
chartqa_train_0486,22,0.8203418254852295,3375
chartqa_train_0486,23,0.8532449007034302,3375
chartqa_train_0486,24,0.8384508490562439,3375
chartqa_train_0486,25,0.8795831799507141,3375
chartqa_train_0486,26,0.8169611096382141,3375
chartqa_train_0486,27,,3375
chartqa_train_0490,0,0.8729403018951416,4964
chartqa_train_0490,1,0.8940913677215576,4964
chartqa_train_0490,2,0.9365748167037964,4964
chartqa_train_0490,3,0.9128998517990112,4964
chartqa_train_0490,4,0.8730176687240601,4964
chartqa_train_0490,5,0.8806399703025818,4964
chartqa_train_0490,6,0.8936953544616699,4964
chartqa_train_0490,7,0.8611793518066406,4964
chartqa_train_0490,8,0.7550286054611206,4964
chartqa_train_0490,9,0.8088126182556152,4964
chartqa_train_0490,10,0.8861367702484131,4964
chartqa_train_0490,11,0.7825973629951477,4964
chartqa_train_0490,12,0.835935115814209,4964
chartqa_train_0490,13,0.8116760849952698,4964
chartqa_train_0490,14,0.6653658747673035,4964
chartqa_train_0490,15,0.741946280002594,4964
chartqa_train_0490,16,0.6705852150917053,4964
chartqa_train_0490,17,0.7478336095809937,4964
chartqa_train_0490,18,0.8219459652900696,4964
chartqa_train_0490,19,0.7378814816474915,4964
chartqa_train_0490,20,0.798311173915863,4964
chartqa_train_0490,21,0.7554723620414734,4964
chartqa_train_0490,22,0.6398780941963196,4964
chartqa_train_0490,23,0.6874001026153564,4964
chartqa_train_0490,24,0.8568359017372131,4964
chartqa_train_0490,25,0.7855348587036133,4964
chartqa_train_0490,26,0.8216463327407837,4964
chartqa_train_0490,27,0.8857274651527405,4964
chartqa_train_0491,0,0.8486452698707581,4964
chartqa_train_0491,1,0.8897038102149963,4964
chartqa_train_0491,2,0.9316303133964539,4964
chartqa_train_0491,3,0.9142078757286072,4964
chartqa_train_0491,4,0.8602131009101868,4964
chartqa_train_0491,5,0.8567832112312317,4964
chartqa_train_0491,6,0.841413140296936,4964
chartqa_train_0491,7,0.8432357907295227,4964
chartqa_train_0491,8,0.8586195707321167,4964
chartqa_train_0491,9,0.7339369058609009,4964
chartqa_train_0491,10,0.8602212071418762,4964
chartqa_train_0491,11,0.8235788345336914,4964
chartqa_train_0491,12,0.8488249778747559,4964
chartqa_train_0491,13,0.8473100662231445,4964
chartqa_train_0491,14,0.8438685536384583,4964
chartqa_train_0491,15,0.8690277338027954,4964
chartqa_train_0491,16,0.8659140467643738,4964
chartqa_train_0491,17,0.893566370010376,4964
chartqa_train_0491,18,0.8925716280937195,4964
chartqa_train_0491,19,0.8571428656578064,4964
chartqa_train_0491,20,0.8845743536949158,4964
chartqa_train_0491,21,0.8756493926048279,4964
chartqa_train_0491,22,0.8229665160179138,4964
chartqa_train_0491,23,0.8688192963600159,4964
chartqa_train_0491,24,0.8833433389663696,4964
chartqa_train_0491,25,0.8894323110580444,4964
chartqa_train_0491,26,0.8438098430633545,4964
chartqa_train_0491,27,0.864771842956543,4964
chartqa_train_0492,0,0.9118069410324097,1809
chartqa_train_0492,1,0.8987779021263123,1809
chartqa_train_0492,2,0.9315050840377808,1809
chartqa_train_0492,3,0.9381132125854492,1809
chartqa_train_0492,4,0.8857393264770508,1809
chartqa_train_0492,5,0.8974217176437378,1809
chartqa_train_0492,6,0.9255726337432861,1809
chartqa_train_0492,7,0.9049484133720398,1809
chartqa_train_0492,8,0.86514812707901,1809
chartqa_train_0492,9,0.896355926990509,1809
chartqa_train_0492,10,0.9172507524490356,1809
chartqa_train_0492,11,0.8741677403450012,1809
chartqa_train_0492,12,0.8967106342315674,1809
chartqa_train_0492,13,0.8888269662857056,1809
chartqa_train_0492,14,0.784791111946106,1809
chartqa_train_0492,15,0.7966786026954651,1809
chartqa_train_0492,16,0.7190611362457275,1809
chartqa_train_0492,17,0.7325488924980164,1809
chartqa_train_0492,18,0.8724508285522461,1809
chartqa_train_0492,19,0.7732135057449341,1809
chartqa_train_0492,20,0.8381521701812744,1809
chartqa_train_0492,21,0.8116515278816223,1809
chartqa_train_0492,22,0.7079432010650635,1809
chartqa_train_0492,23,0.7970231175422668,1809
chartqa_train_0492,24,0.8711279034614563,1809
chartqa_train_0492,25,0.8113740682601929,1809
chartqa_train_0492,26,0.7863737940788269,1809
chartqa_train_0492,27,,1809
chartqa_train_0493,0,0.9148872494697571,1809
chartqa_train_0493,1,0.9009741544723511,1809
chartqa_train_0493,2,0.9291899800300598,1809
chartqa_train_0493,3,0.9285379648208618,1809
chartqa_train_0493,4,0.8656639456748962,1809
chartqa_train_0493,5,0.8969828486442566,1809
chartqa_train_0493,6,0.9128717184066772,1809
chartqa_train_0493,7,0.9055541157722473,1809
chartqa_train_0493,8,0.8047336339950562,1809
chartqa_train_0493,9,0.8779656291007996,1809
chartqa_train_0493,10,0.9070178270339966,1809
chartqa_train_0493,11,0.88698410987854,1809
chartqa_train_0493,12,0.8975425362586975,1809
chartqa_train_0493,13,0.8991575837135315,1809
chartqa_train_0493,14,0.7696881890296936,1809
chartqa_train_0493,15,0.7931118607521057,1809
chartqa_train_0493,16,0.8028908371925354,1809
chartqa_train_0493,17,0.8056741952896118,1809
chartqa_train_0493,18,0.8816446661949158,1809
chartqa_train_0493,19,0.7905859351158142,1809
chartqa_train_0493,20,0.8057985901832581,1809
chartqa_train_0493,21,0.7822950482368469,1809
chartqa_train_0493,22,0.792291522026062,1809
chartqa_train_0493,23,0.7537916302680969,1809
chartqa_train_0493,24,0.8625845909118652,1809
chartqa_train_0493,25,0.8385981321334839,1809
chartqa_train_0493,26,0.8375004529953003,1809
chartqa_train_0493,27,0.8589231371879578,1809
chartqa_train_0495,0,0.8770409822463989,4536
chartqa_train_0495,1,0.8999155163764954,4536
chartqa_train_0495,2,0.9325487613677979,4536
chartqa_train_0495,3,0.9259854555130005,4536
chartqa_train_0495,4,0.8567664623260498,4536
chartqa_train_0495,5,0.8728217482566833,4536
chartqa_train_0495,6,0.8795415759086609,4536
chartqa_train_0495,7,0.8486393690109253,4536
chartqa_train_0495,8,0.8799682855606079,4536
chartqa_train_0495,9,0.7036792635917664,4536
chartqa_train_0495,10,0.8520605564117432,4536
chartqa_train_0495,11,0.7972555756568909,4536
chartqa_train_0495,12,0.7851044535636902,4536
chartqa_train_0495,13,0.8075088858604431,4536
chartqa_train_0495,14,0.8493812084197998,4536
chartqa_train_0495,15,0.8744352459907532,4536
chartqa_train_0495,16,0.8626477122306824,4536
chartqa_train_0495,17,0.8839969038963318,4536
chartqa_train_0495,18,0.8944672346115112,4536
chartqa_train_0495,19,0.8296213746070862,4536
chartqa_train_0495,20,0.8290851712226868,4536
chartqa_train_0495,21,0.7882756590843201,4536
chartqa_train_0495,22,0.7184154987335205,4536
chartqa_train_0495,23,0.683208167552948,4536
chartqa_train_0495,24,0.8862867951393127,4536
chartqa_train_0495,25,0.8639011383056641,4536
chartqa_train_0495,26,0.8431748151779175,4536
chartqa_train_0495,27,0.8666508793830872,4536
chartqa_train_0496,0,0.9203689098358154,2073
chartqa_train_0496,1,0.9098273515701294,2073
chartqa_train_0496,2,0.9454995393753052,2073
chartqa_train_0496,3,0.9458529949188232,2073
chartqa_train_0496,4,0.8725718855857849,2073
chartqa_train_0496,5,0.9033194780349731,2073
chartqa_train_0496,6,0.9162595272064209,2073
chartqa_train_0496,7,0.9017024040222168,2073
chartqa_train_0496,8,0.8594452738761902,2073
chartqa_train_0496,9,0.8568822741508484,2073
chartqa_train_0496,10,0.8981852531433105,2073
chartqa_train_0496,11,0.8453536033630371,2073
chartqa_train_0496,12,0.869511604309082,2073
chartqa_train_0496,13,0.8888041973114014,2073
chartqa_train_0496,14,0.8036335706710815,2073
chartqa_train_0496,15,0.8271348476409912,2073
chartqa_train_0496,16,0.7672052979469299,2073
chartqa_train_0496,17,0.8186113238334656,2073
chartqa_train_0496,18,0.9104788303375244,2073
chartqa_train_0496,19,0.76092928647995,2073
chartqa_train_0496,20,0.8375440239906311,2073
chartqa_train_0496,21,0.746445894241333,2073
chartqa_train_0496,22,0.705785870552063,2073
chartqa_train_0496,23,0.717805802822113,2073
chartqa_train_0496,24,0.8689977526664734,2073
chartqa_train_0496,25,0.8529597520828247,2073
chartqa_train_0496,26,0.8219612240791321,2073
chartqa_train_0496,27,,2073
chartqa_train_0497,0,0.9140362739562988,2073
chartqa_train_0497,1,0.9083459973335266,2073
chartqa_train_0497,2,0.9375527501106262,2073
chartqa_train_0497,3,0.9453653693199158,2073
chartqa_train_0497,4,0.8768646717071533,2073
chartqa_train_0497,5,0.9068023562431335,2073
chartqa_train_0497,6,0.9029437899589539,2073
chartqa_train_0497,7,0.8902348875999451,2073
chartqa_train_0497,8,0.8755225539207458,2073
chartqa_train_0497,9,0.763087809085846,2073
chartqa_train_0497,10,0.8663386106491089,2073
chartqa_train_0497,11,0.818070113658905,2073
chartqa_train_0497,12,0.7945410013198853,2073
chartqa_train_0497,13,0.8117820024490356,2073
chartqa_train_0497,14,0.8509387969970703,2073
chartqa_train_0497,15,0.8924160599708557,2073
chartqa_train_0497,16,0.8184510469436646,2073
chartqa_train_0497,17,0.8827841877937317,2073
chartqa_train_0497,18,0.8477663993835449,2073
chartqa_train_0497,19,0.8146776556968689,2073
chartqa_train_0497,20,0.8658549785614014,2073
chartqa_train_0497,21,0.8123481273651123,2073
chartqa_train_0497,22,0.8389796018600464,2073
chartqa_train_0497,23,0.8519178628921509,2073
chartqa_train_0497,24,0.8952979445457458,2073
chartqa_train_0497,25,0.9044280648231506,2073
chartqa_train_0497,26,0.856927216053009,2073
chartqa_train_0497,27,0.9027270674705505,2073
chartqa_train_0499,0,0.8867498636245728,3726
chartqa_train_0499,1,0.885344922542572,3726
chartqa_train_0499,2,0.9376429319381714,3726
chartqa_train_0499,3,0.9216639995574951,3726
chartqa_train_0499,4,0.8796066641807556,3726
chartqa_train_0499,5,0.8582832217216492,3726
chartqa_train_0499,6,0.8913733959197998,3726
chartqa_train_0499,7,0.8711339235305786,3726
chartqa_train_0499,8,0.8153402805328369,3726
chartqa_train_0499,9,0.8548368811607361,3726
chartqa_train_0499,10,0.8680292963981628,3726
chartqa_train_0499,11,0.8178234696388245,3726
chartqa_train_0499,12,0.8604492545127869,3726
chartqa_train_0499,13,0.8613240718841553,3726
chartqa_train_0499,14,0.7461428046226501,3726
chartqa_train_0499,15,0.881720244884491,3726
chartqa_train_0499,16,0.7479514479637146,3726
chartqa_train_0499,17,0.740039050579071,3726
chartqa_train_0499,18,0.815231442451477,3726
chartqa_train_0499,19,0.6901252269744873,3726
chartqa_train_0499,20,0.6986732482910156,3726
chartqa_train_0499,21,0.7252249717712402,3726
chartqa_train_0499,22,0.698428213596344,3726
chartqa_train_0499,23,0.7575032114982605,3726
chartqa_train_0499,24,0.8739051222801208,3726
chartqa_train_0499,25,0.8271883130073547,3726
chartqa_train_0499,26,0.8372790813446045,3726
chartqa_train_0499,27,0.8605594038963318,3726
